Date,AT,BA,BE,BG,CH,CY,CZ,DE,DK,EA,EA12,EA19,EA20,EE,EL,ES,EU15,EU27_2020,EU28,FI,FR,HR,HU,IE,IT,LT,LU,LV,MK,MT,NL,NO,PL,PT,RO,RS,SE,SI,SK,TR,UK
1975-Q1 ,,,,,,,,,,,,,,,,,,,,,,,,,,,,,,,,,,,,,,,,,269070.7
1975-Q2 ,,,,,,,,,,,,,,,,,,,,,,,,,,,,,,,,,,,,,,,,,264651.9
1975-Q3 ,,,,,,,,,,,,,,,,,,,,,,,,,,,,,,,,,,,,,,,,,263746.8
1975-Q4 ,,,,,,,,,,,,,,,,,,,,,,,,,,,,,,,,,,,,,,,,,266770.9
1976-Q1 ,,,,,,,,,,,,,,,,,,,,,,,,,,,,,,,,,,,,,,,,,270992.8
1976-Q2 ,,,,,,,,,,,,,,,,,,,,,,,,,,,,,,,,,,,,,,,,,270545.0
1976-Q3 ,,,,,,,,,,,,,,,,,,,,,,,,,,,,,,,,,,,,,,,,,273932.0
1976-Q4 ,,,,,,,,,,,,,,,,,,,,,,,,,,,,,,,,,,,,,,,,,279742.8
1977-Q1 ,,,,,,,,,,,,,,,,,,,,,,,,,,,,,,,,,,,,,,,,,279822.4
1977-Q2 ,,,,,,,,,,,,,,,,,,,,,,,,,,,,,,,,,,,,,,,,,277878.7
1977-Q3 ,,,,,,,,,,,,,,,,,,,,,,,,,,,,,,,,,,,,,,,,,279814.3
1977-Q4 ,,,,,,,,,,,,,,,,,,,,,,,,,,,,,,,,,,,,,,,,,284614.8
1978-Q1 ,,,,,,,,,,,,,,,,,,,,,,,,,,,,,,,,33402.4,,,,,,,,,287153.4
1978-Q2 ,,,,,,,,,,,,,,,,,,,,,,,,,,,,,,,,33850.1,,,,,,,,,290498.5
1978-Q3 ,,,,,,,,,,,,,,,,,,,,,,,,,,,,,,,,34186.8,,,,,,,,,294492.4
1978-Q4 ,,,,,,,,,,,,,,,,,,,,,,,,,,,,,,,,34224.1,,,,,,,,,297163.1
1979-Q1 ,,,,,,,,,,,,,,,,,,,,,,,,,,,,,,,,34316.8,,,,,,,,,296108.3
1979-Q2 ,,,,,,,,,,,,,,,,,,,,,,,,,,,,,,,,35163.3,,,,,,,,,309188.1
1979-Q3 ,,,,,,,,,,,,,,,,,,,,,,,,,,,,,,,,35923.3,,,,,,,,,302325.2
1979-Q4 ,,,,,,,,,,,,,,,,,,,,,,,,,,,,,,,,36191.8,,,,,,,,,305523.3
1980-Q1 ,,,,,84611.0,,,,,,,,,,,,,,,,294593.6,,,,,,,,,,,37608.7,,,,,,,,,302623.3
1980-Q2 ,,,,,84742.5,,,,,,,,,,,,,,,,292295.1,,,,,,,,,,,36968.2,,,,,,,,,296569.7
1980-Q3 ,,,,,85174.3,,,,,,,,,,,,,,,,292632.5,,,,,,,,,,,36414.8,,,,,,,,,296277.0
1980-Q4 ,,,,,85666.8,,,,,,,,,,,,,,,,292116.8,,,,,,,,,,,37066.2,,,,,,,,,293031.6
1981-Q1 ,,,,,85633.0,,,,,,,,,,,,,,,,293114.9,,,,,,,,,,,37706.8,,,,,,,,,292663.4
1981-Q2 ,,,,,86611.8,,,,,,,,,,,,,,,,295125.8,,,,,,,,,,,37836.8,,,,,,,,,293262.3
1981-Q3 ,,,,,86912.6,,,,,,,,,,,,,,,,297083.1,,,,,,,,,,,37444.3,,,,,,,,,296421.3
1981-Q4 ,,,,,86586.5,,,,,,,,,,,,,,,,298809.8,,,,,,,,,,,37436.5,,,,,,,,,296792.2
1982-Q1 ,,,,,85987.2,,,,,,,,,,,,,,,,301307.7,,,,,,,,,,,37671.8,,,,,,,,,297369.5
1982-Q2 ,,,,,85427.6,,,,,,,,,,,,,,,,303468.2,,,,,,,,,,,37675.0,,,,,,,,,300539.3
1982-Q3 ,,,,,84976.6,,,,,,,,,,,,,,,,303337.7,,,,,,,,,,,37665.7,,,,,,,,,301317.6
1982-Q4 ,,,,,84718.8,,,,,,,,,,,,,,,,305194.6,,,,,,,,,,,37765.8,,,,,,,,,303435.3
1983-Q1 ,,,,,85421.7,,,,,,,,,,,,,,,,306367.7,,,,,,,,,,,38701.3,,,,,,,,,308991.2
1983-Q2 ,,,,,85496.7,,,,,,,,,,,,,,,,306449.9,,,,,,,,,,,39053.9,,,,,,,,,311633.6
1983-Q3 ,,,,,85939.3,,,,,,,,,,,,,,,,306877.3,,,,,,,,,,,39500.7,,,,,,,,,315044.8
1983-Q4 ,,,,,86315.0,,,,,,,,,,,,,,,,308685.8,,,,,,,,,,,39512.9,,,,,,,,,317766.8
1984-Q1 ,,,,,87187.3,,,,,,,,,,,,,,,,309923.1,,,,,,,,,,,40736.3,,,,,,,,,319966.8
1984-Q2 ,,,,,87640.9,,,,,,,,,,,,,,,,311342.9,,,,,,,,,,,40945.2,,,,,,,,,317165.2
1984-Q3 ,,,,,89059.1,,,,,,,,,,,,,,,,313389.3,,,,,,,,,,,41925.8,,,,,,,,,319216.8
1984-Q4 ,,,,,89811.7,,,,,,,,,,,,,,,,313124.5,,,,,,,,,,,42649.7,,,,,,,,,325529.4
1985-Q1 ,,,,,90983.2,,,,,,,,,,,,,,,,314041.6,,,,,,,,,,,43637.4,,,,,,,,,328198.8
1985-Q2 ,,,,,91579.6,,,,,,,,,,,,,,,,316796.0,,,,,,,,,,,43139.1,,,,,,,,,335149.4
1985-Q3 ,,,,,91738.0,,,,,,,,,,,,,,,,318472.3,,,,,,,,,,,44179.1,,,,,,,,,335442.1
1985-Q4 ,,,,,92530.5,,,,,,,,,,,,,,,,319996.1,,,,,,,,,,,44534.4,,,,,,,,,336252.7
1986-Q1 ,,,,,92898.8,,,,,,,,,,,,,,,,321058.4,,,,,,,,,,,45491.1,,,,,,,,,340065.9
1986-Q2 ,,,,,93558.3,,,,,,,,,,,,,,,,324489.2,,,,,,,,,,,44977.6,,,,,,,,,342589.6
1986-Q3 ,,,,,93591.5,,,,,,,,,,,,,,,,326122.3,,,,,,,,,,,45952.5,,,,,,,,,344148.9
1986-Q4 ,,,,,93518.8,,,,,,,,,,,,,,,,326471.1,,,,,,,,,,,46162.3,,,,,,,,,350296.9
1987-Q1 ,,,,,93546.0,,,,,,,,,,,,,,,,326859.2,,,,,,,,,,,46152.0,,,,,,,,,353553.0
1987-Q2 ,,,,,94277.8,,,,,,,,,,,,,,,,331781.7,,,,,,,,,,,46995.2,,,,,,,,,358739.4
1987-Q3 ,,,,,95371.9,,,,,,,,,,,,,,,,334006.6,,,,,,,,,,,45972.6,,,,,,,,,367455.6
1987-Q4 ,,,,,96133.2,,,,,,,,,,,,,,,,338942.5,,,,,,,,,,,46665.3,,,,,,,,,371616.8
1988-Q1 ,,,,,96551.7,,,,,,,,,,,,,,,,343101.4,,,,,,,,,,,46598.3,,,,,,,,,378239.6
1988-Q2 ,,,,,97086.1,,,,,,,,,,,,,,,,345985.5,,,,,,,,,,,46004.4,,,,,,,,,380469.3
1988-Q3 ,,,,,98131.2,,,,,,,,,,,,,,,,350396.4,,,,,,,,,,,46326.7,,,,,,,,,386263.9
1988-Q4 ,,,,,100012.9,,,,,,,,,,,,,,,,353274.1,,,,,,,,,,,46381.7,,,,,,,,,389590.2
1989-Q1 ,,,,,100471.7,,,,,,,,,,,,,,,,357387.4,,,,,,,,,,,46213.4,,,,,,,,,391307.3
1989-Q2 ,,,,,102053.0,,,,,,,,,,,,,,,,361748.4,,,,,,,,,,,46664.8,,,,,,,,,393883.6
1989-Q3 ,,,,,102666.6,,,,,,,,,,,,,,,,365776.6,,,,,,,,,,,47041.6,,,,,,,,,394276.1
1989-Q4 ,,,,,103950.6,,,,,,,,,,,,,,,,370983.2,,,,,,,,,,,47315.2,,,,,,,,,394651.1
1990-Q1 ,,,,,106151.2,,,,,,,,,,,,,,,35966.0,372061.0,,,,,,,,,,,47327.6,,,,,,,,,397311.0
1990-Q2 ,,,,,106470.2,,,,,,,,,,,,,,,35471.0,374003.8,,,,,,,,,,,47751.4,,,,,,,,,399351.8
1990-Q3 ,,,,,106027.5,,,,,,,,,,,,,,,34711.0,376230.8,,,,,,,,,,,47361.4,,,,,,,,,395182.5
1990-Q4 ,,,,,105683.0,,,,,,,,,,,,,,,34512.0,375594.7,,,,,,,,,,,48412.6,,,,,,,,,393822.9
1991-Q1 ,,,,,105973.2,,,557517.0,,,,,,,,,,,,33839.0,376434.9,,,,,,,,,,,49000.7,,,,,,,,,392673.7
1991-Q2 ,,,,,104799.3,,,554566.3,,,,,,,,,,,,33434.0,377701.1,,,,,,,,,,,49213.3,,,,,,,,,392178.6
1991-Q3 ,,,,,104663.7,,,553355.8,,,,,,,,,,,,32746.0,379012.0,,,,,,,,,,,49113.4,,,,,,,,,391322.1
1991-Q4 ,,,,,104953.2,,,560467.6,,,,,,,,,,,,32362.0,381164.5,,,,,,,,,,,49412.3,,,,,,,,,392001.9
1992-Q1 ,,,,,105819.5,,,569054.1,,,,,,,,,,,,32466.0,384252.0,,,,,,,,,,,50579.3,,,,,,,,,392030.3
1992-Q2 ,,,,,105619.2,,,564666.3,,,,,,,,,,,,32101.0,384784.7,,,,,,,,,,,50797.9,,,,,,,,,391567.6
1992-Q3 ,,,,,104552.8,,,563682.8,,,,,,,,,,,,31839.0,384103.1,,,,,,,,,,,51350.3,,,,,,,,,394061.6
1992-Q4 ,,,,,103788.5,,,561867.2,,,,,,,,,,,,31614.0,383692.9,,,,,,,,,,,51044.5,,,,,,,,,396806.5
1993-Q1 ,,,,,103647.2,,,557800.7,,,,,,,,,,,,31688.0,381271.3,,,,,,,,,,,51028.2,,,,,62835.7,,,,399676.9
1993-Q2 ,,,,,104795.2,,,557649.3,,,,,,,,,,,,31627.0,380969.5,,,,,,,,,,,51759.6,,,,,63667.9,,,,401658.3
1993-Q3 ,,,,,105148.5,,,560902.4,,,,,,,,,,,,31808.0,381349.5,,,,,,,,,,,52613.5,,,,,64171.9,,,,404822.7
1993-Q4 ,,,,,105583.0,,,560524.2,,,,,,,,,,,,32048.0,382655.3,,,,,,,,,,,54168.5,,,,,64358.2,,,,407509.6
1994-Q1 ,,,,,106254.2,,,568297.9,,,,,,,,,,,,32261.0,385147.9,,,,,,,,,,,54124.0,,,,,65103.0,,,,412300.7
1994-Q2 ,,,,,105216.3,,,569659.6,,,,,,,,,,,,32541.0,388987.3,,,,,,,,,,,55166.4,,,,,65763.4,,,,417112.1
1994-Q3 ,,,,,106277.6,,,573593.5,,,,,,,,,,,,33284.0,392450.2,,,,,,,,,,,54544.1,,,,,66311.4,,,,421878.9
1994-Q4 ,,,,,106880.1,,,580553.5,,,,,,,,,,,,34122.0,396003.2,,,,,,,,,,,56329.7,,,,,67509.9,,,,424437.7
1995-Q1 ,59816.6,,71086.0,6633.3,106237.8,2820.7,25528.4,578473.1,51022.7,1879152.6,1917417.0,1948181.2,1955925.5,2325.8,39213.6,177501.0,2465459.7,2198099.8,2625828.4,33840.0,397293.8,7520.9,17914.7,23309.0,373226.4,3950.9,6788.3,2785.4,,,,56319.7,47438.9,35220.1,23741.8,4888.0,68385.3,5922.6,8931.0,,424488.1
1995-Q2 ,60197.2,,71385.0,7414.8,106556.2,2877.9,26011.5,582709.9,50876.7,1889741.6,1928350.0,1959388.5,1967129.2,2302.8,39585.2,178613.0,2478214.4,2211164.8,2640534.4,34749.0,399812.3,7501.3,17878.8,23587.7,374397.7,4035.0,6859.5,2797.7,,,,56726.9,48327.7,35635.4,23743.0,5058.0,68684.6,5953.4,9079.9,,426087.5
1995-Q3 ,60432.3,,71813.0,7451.5,107137.5,2867.5,26339.1,583769.1,51088.9,1896323.4,1935132.4,1966241.7,1973820.9,2295.0,39798.1,179336.0,2488949.8,2219561.5,2652514.7,34592.0,400447.1,7286.4,17874.3,23766.8,373621.1,4035.5,6930.8,2767.3,,,,57836.2,49701.1,35790.0,23514.6,4727.2,68887.9,5973.1,9132.0,,430155.6
1995-Q4 ,60944.5,,71961.0,8111.6,107086.5,2846.2,26528.3,583996.1,51462.7,1902798.6,1941819.9,1973125.7,1981132.4,2321.9,40028.6,180677.0,2497610.7,2228739.0,2662428.7,34609.0,400302.5,7809.6,17801.8,24142.8,376846.3,4118.1,7005.0,2778.0,,,,58430.5,50302.3,36032.5,22499.7,4440.2,69731.3,5991.6,9306.2,,430956.6
1996-Q1 ,61188.5,,71816.0,8203.5,107366.7,2897.4,27006.3,579210.8,51470.4,1904850.1,1944064.0,1975630.8,1983840.5,2342.7,40245.9,181754.0,2502761.7,2234160.5,2670411.3,35233.0,403285.7,8072.6,17943.9,25142.6,379564.8,4170.9,7088.2,2770.9,,,119388.3,59642.8,51368.5,36317.1,24566.2,4994.1,70196.8,6054.0,9463.7,,433450.0
1996-Q2 ,61705.8,,72320.0,8111.6,107079.4,2884.0,27186.1,587078.9,52864.3,1918615.0,1958061.9,1989823.4,1997987.7,2382.6,40476.9,183107.0,2519276.9,2250283.4,2688285.0,35511.0,403868.8,7998.5,17805.4,25479.8,379583.0,4157.5,6590.7,2766.5,,,120719.4,59574.9,52406.9,36752.7,24972.1,5087.1,69613.0,6090.6,9574.8,,434954.9
1996-Q3 ,61893.1,,72653.0,7720.5,106969.6,2874.9,27326.2,589045.9,53013.8,1927419.6,1967358.6,1999541.0,2007518.4,2458.4,41027.4,184678.0,2533521.3,2260189.7,2702806.5,35717.0,405530.4,7750.8,17773.3,25248.0,380006.1,4293.7,7102.0,2864.5,,,122409.6,61222.4,52975.7,37251.4,23944.8,5072.9,69826.3,6170.2,9815.1,,439987.1
1996-Q4 ,62010.2,,73226.0,7558.1,107520.2,2898.3,27338.0,593433.9,53031.8,1936410.0,1976746.4,2009347.5,2017631.9,2508.4,41462.1,185641.0,2548929.0,2269661.5,2717677.5,36386.0,406874.8,8121.7,17998.9,25606.9,378837.9,4324.9,7197.8,3015.3,,,123279.8,60402.9,51134.2,37356.6,23636.6,5159.5,70436.9,6280.3,10008.5,,445943.1
1997-Q1 ,62343.4,,73960.0,6792.3,108629.1,2912.7,27215.7,590350.8,53697.4,1941016.9,1981534.9,2014369.2,2022745.3,2599.3,41698.8,187535.0,2562641.4,2278609.1,2734434.7,36815.0,408162.7,8223.5,18179.1,26953.1,379992.7,4405.4,7243.2,2989.6,,,124624.8,62300.7,54348.7,37971.0,23451.8,5210.1,71085.2,6309.6,10107.1,,454428.8
1997-Q2 ,62540.2,,75104.0,6720.8,108911.8,2938.4,27152.1,597992.1,54619.7,1964204.4,2005413.7,2038844.1,2047461.6,2708.6,42413.6,189247.0,2592417.8,2305998.1,2766006.7,37374.0,412263.3,8494.4,18370.1,27949.3,385205.3,4535.9,7330.9,3114.5,,,125922.4,63545.9,55102.3,38316.0,22873.5,5269.7,71860.5,6447.2,10257.4,,458428.4
1997-Q3 ,63369.0,,75766.0,6870.9,110092.4,2988.6,26992.9,599807.9,54465.5,1979703.8,2021562.9,2055431.8,2064152.0,2781.5,43090.2,191501.0,2612217.2,2323786.9,2787064.9,38255.0,416226.0,8603.0,18532.8,28315.3,387934.6,4651.1,7414.1,3168.7,,,127751.8,63489.0,55313.9,38814.5,23135.0,5642.8,72354.0,6506.2,10428.4,,461655.6
1997-Q4 ,64003.2,,76188.0,6640.2,110918.5,3020.1,26911.0,604347.2,54458.0,2002121.0,2044417.9,2078564.6,2087252.5,2868.6,43501.0,194117.0,2642182.7,2349697.3,2818399.3,39382.0,420582.7,8537.5,18688.1,28867.3,394652.4,4759.9,7497.2,3175.6,,,129390.8,64235.0,56267.9,39075.4,22717.9,5655.1,73920.4,6535.2,10372.0,,467107.0
1998-Q1 ,64456.5,,76386.0,7416.8,111996.4,3072.0,26909.9,609983.3,55279.1,2014802.4,2057557.4,2092187.7,2100840.8,2892.1,44023.4,195828.0,2660588.0,2364970.7,2837926.5,39095.0,424685.6,8490.0,18840.0,29720.9,391689.0,4858.7,7577.5,3363.5,,,131136.3,65046.7,57373.1,39641.1,20375.2,5661.7,74195.5,6572.1,10555.9,91237.9,471355.0
1998-Q2 ,65152.1,,76640.0,6932.3,113209.0,3123.1,26983.7,607411.1,54861.7,2023569.7,2066540.3,2101343.2,2110101.4,2875.8,44218.1,198049.0,2674632.1,2375906.7,2853265.7,39884.0,428051.7,8610.2,19135.5,30317.8,394016.1,4928.3,7843.7,3343.2,,,132074.9,65659.5,57381.2,40249.9,21880.6,5638.9,75207.0,6621.1,10556.6,90511.1,475733.7
1998-Q3 ,65640.3,,76864.0,6986.0,113183.7,3185.0,26991.9,610285.9,55869.6,2035206.9,2078346.1,2113291.8,2122182.7,2872.8,44372.5,199922.0,2691090.7,2390840.5,2871576.9,40385.0,430547.8,8761.0,19314.0,31429.2,394496.8,4974.0,7988.7,3312.9,,,133202.2,64678.4,57931.8,40696.1,23288.9,5587.3,75534.3,6676.8,10469.1,89237.6,479101.9
1998-Q4 ,65876.2,,77036.0,6882.4,113038.4,3204.5,27009.2,607789.4,56048.8,2037429.1,2080896.8,2116352.3,2125262.8,2820.5,44722.2,202094.0,2699442.7,2395505.1,2880896.5,40743.0,433632.8,8785.2,19319.5,30654.1,392564.6,4975.6,8038.0,3225.0,,,134421.2,64953.1,58110.5,41002.6,23622.3,5617.0,76496.5,6726.9,11261.2,89006.7,483712.2
1999-Q1 ,66272.3,,77841.0,6722.4,113143.2,3248.7,27016.3,614825.3,56556.7,2058602.9,2102440.1,2137936.7,2146633.2,2799.2,45063.1,204122.0,2725223.4,2418226.5,2906495.7,41415.0,436512.0,8524.6,19316.4,32584.0,395042.7,4891.7,8258.6,3341.8,,,136661.6,65615.7,58578.0,41547.6,22470.0,5530.9,77330.5,6825.1,10883.5,87506.2,486558.9
1999-Q2 ,67123.1,,78906.0,6544.8,113878.5,3277.0,27138.9,614825.3,56848.7,2069172.6,2113400.3,2149173.2,2158013.3,2823.7,45483.6,206556.0,2737848.3,2431910.1,2920983.0,41635.0,439201.8,8683.9,19528.0,32833.7,396552.5,4910.9,8436.9,3286.9,,,138182.6,65640.5,59805.0,41764.5,22620.9,4463.4,77851.6,7131.8,10698.4,87012.9,487407.8
1999-Q3 ,68253.3,,80052.0,6489.9,114515.2,3310.8,27389.6,621634.1,57200.1,2095118.0,2139542.4,2175326.1,2184090.7,2852.8,45657.8,209304.0,2773320.8,2460725.5,2958262.3,41857.0,445761.1,8581.5,19901.2,34120.4,400092.6,4850.1,8679.6,3405.6,,,140085.6,66759.7,61001.6,42174.0,22582.0,5134.2,78405.0,6951.3,10631.8,85545.4,495774.4
1999-Q4 ,68479.2,,81000.0,6136.9,117261.7,3377.1,27696.0,626778.4,58000.2,2118480.2,2163604.9,2199785.5,2208576.8,2926.7,46387.8,211652.0,2807076.8,2488727.4,2993656.1,42214.0,451766.0,8596.6,20126.2,34896.2,405647.9,4859.5,8644.1,3518.4,,,142056.5,67716.0,61904.8,42416.2,22348.9,5251.8,79900.3,7067.8,10583.7,88101.0,503095.6
2000-Q1 ,69131.9,2398.4,81576.0,6756.8,118047.1,3410.8,28064.3,635724.8,58565.7,2144664.1,2189922.8,2226604.3,2235639.8,3037.9,46563.9,215049.0,2838513.9,2518235.8,3027187.4,43473.0,455525.4,8857.7,20308.6,35273.5,410634.9,4964.7,9091.5,3550.5,1489.8,1462.9,142941.1,68979.5,62314.0,43360.2,22050.7,5525.9,80416.6,7169.3,10696.6,89488.4,507147.0
2000-Q2 ,69630.1,2399.3,82163.0,6819.6,118554.9,3539.5,28333.0,640869.3,59232.5,2163592.1,2209269.8,2246445.1,2255423.5,3114.0,46993.2,217755.0,2863730.2,2543070.0,3055019.6,43808.0,460191.6,8772.8,20504.8,36245.3,413416.9,5015.3,8972.5,3538.8,1517.3,1529.8,144537.4,68150.4,63001.1,43131.0,23954.8,5588.2,82500.5,7250.2,10802.5,92972.5,510220.1
2000-Q3 ,70049.1,2403.2,82544.0,6876.8,119737.1,3502.8,28701.6,640566.6,59396.1,2176151.7,2222655.2,2260108.1,2269170.3,3152.4,47871.3,220107.0,2879388.2,2557900.6,3071284.1,44494.0,464079.8,8860.8,20689.0,37024.2,416296.3,5090.9,9128.9,3648.4,1546.0,1506.5,145730.1,68699.5,63207.0,43762.8,22867.2,5494.0,83129.1,7339.6,10868.0,94357.2,511717.2
2000-Q4 ,70998.6,2425.2,83351.0,6939.1,121320.8,3549.0,28837.5,638675.3,59976.9,2189658.8,2236794.9,2274546.6,2283664.8,3223.3,48550.5,222349.0,2894969.9,2574508.3,3089005.0,44967.0,466831.4,8914.5,21086.8,37248.3,422772.7,5168.6,9182.5,3603.9,1464.0,1539.2,147624.2,68721.9,64382.4,44055.8,23202.1,5021.7,82884.2,7390.3,10929.6,95712.8,512925.7
2001-Q1 ,70820.2,2450.6,83398.0,6994.0,121066.8,3547.9,29179.0,651517.6,59325.7,2258464.3,2258464.3,2296569.6,2305783.0,3269.8,49151.5,224721.0,2922174.2,2596944.4,3117419.8,45187.0,468971.6,9006.3,21225.5,37853.0,424978.1,5293.2,9332.3,3687.3,1556.4,1496.1,147784.4,69651.6,64142.7,43918.0,23675.9,5691.7,83128.1,7456.0,11007.2,90807.4,518901.2
2001-Q2 ,70648.2,2455.7,83413.0,7062.3,121588.4,3603.5,29247.4,651290.6,59615.3,2260968.9,2260968.9,2299407.8,2308705.6,3273.9,49022.0,226396.0,2929382.3,2600236.7,3125103.6,45241.0,469752.2,9101.9,21397.7,38574.8,423795.4,5312.1,9216.0,3858.3,1457.4,1476.4,148531.7,69548.9,63939.4,44342.9,23564.2,5681.0,83211.5,7506.2,11123.6,86408.6,522908.6
2001-Q3 ,70696.0,2464.4,83254.0,7154.8,121612.5,3701.4,29374.4,649928.9,60150.5,2264129.0,2264129.0,2302832.8,2312186.3,3341.5,49816.9,228506.0,2937748.4,2605725.0,3134967.9,45527.0,472773.2,9163.3,21589.4,38432.2,422049.9,5418.8,9348.6,3771.6,1376.5,1503.1,148789.8,70259.3,64254.1,44407.8,24422.1,5783.2,83528.5,7547.2,11165.9,87490.3,526943.1
2001-Q4 ,71018.3,2487.3,83171.0,7250.0,121128.2,3702.4,29590.1,649323.7,60031.9,2264313.3,2264313.3,2303470.7,2312873.4,3390.5,49948.9,230061.0,2940845.3,2607805.6,3139309.4,45399.0,470698.2,9219.1,21751.2,39177.7,421286.9,5547.4,9593.2,3898.1,1411.9,1495.5,149269.7,70766.9,64272.7,45029.1,25021.0,5955.9,84223.3,7609.9,11408.8,86017.9,529009.5
2002-Q1 ,71756.7,2539.7,83886.0,7363.8,121190.3,3706.9,29533.2,645995.0,60011.8,2267496.0,2267496.0,2306833.5,2316420.2,3414.1,50357.0,231052.0,2945899.6,2612267.3,3145830.6,45696.0,473469.9,9416.8,22248.8,39755.5,422232.3,5553.5,9633.3,3893.5,1433.9,1531.1,148358.9,70389.4,64693.8,45109.1,25189.6,5987.1,84104.8,7704.2,11444.6,89267.3,531081.2
2002-Q2 ,72068.7,2577.2,84604.0,7477.9,121535.2,3783.3,29681.3,648794.1,60005.8,2279163.1,2279163.1,2319062.6,2328776.6,3533.5,51484.1,232949.0,2961490.4,2627204.0,3163349.9,46148.0,475425.5,9551.5,22367.5,40307.8,423723.4,5727.4,9802.7,4049.4,1474.4,1531.8,148875.6,71600.6,65154.3,44899.8,25801.0,6082.2,85404.4,7720.2,11559.5,93120.4,533683.3
2002-Q3 ,72301.6,2601.9,85057.0,7588.8,121437.8,3760.0,29869.0,651971.5,60209.9,2288436.5,2288436.5,2328766.0,2338657.4,3604.4,51781.2,234386.0,2975165.7,2638819.3,3178625.5,46040.0,477769.8,9744.2,22571.3,41026.2,424483.7,5827.7,9650.4,4094.3,1471.7,1537.5,149106.7,70717.5,65783.3,44696.2,25533.9,6250.1,85936.7,7799.0,11819.8,94392.9,537231.3
2002-Q4 ,71956.5,2633.2,85375.0,7666.8,120916.7,3846.8,30068.0,651063.7,60011.2,2291883.2,2291883.2,2332684.8,2342694.3,3630.8,52180.4,236140.0,2983055.1,2643850.6,3188174.3,46564.0,477729.5,9874.6,22846.7,41709.5,425887.3,5915.6,9616.5,4260.2,1486.0,1523.3,149329.9,71379.5,66105.2,44362.5,25945.6,6262.3,86069.0,7920.8,11897.6,96406.9,541472.9
2003-Q1 ,72521.0,2644.1,85150.0,7774.6,120405.2,3829.7,30385.8,641398.9,60332.8,2284061.4,2284061.4,2325265.0,2335401.1,3714.0,53266.8,238352.0,2980864.7,2638327.3,3186993.9,46235.0,478183.1,10011.8,23019.3,41435.5,424612.5,6174.2,9604.2,4285.7,1464.7,1566.1,149355.8,71485.6,66364.1,44409.2,25419.5,6325.8,87084.2,7909.6,12109.4,96487.5,545503.5
2003-Q2 ,72592.6,2659.5,85332.0,7852.1,120107.5,3819.0,30705.2,642079.7,59771.7,2285745.3,2285745.3,2327362.6,2337639.1,3800.0,54210.3,239608.0,2986747.8,2641739.3,3195694.1,46900.0,476979.7,10165.8,23266.6,41802.6,424162.1,6265.9,9845.3,4390.3,1474.8,1595.0,148840.0,71203.8,67494.7,44014.5,26330.6,6430.1,86558.1,7956.2,12292.3,96812.0,550482.6
2003-Q3 ,72801.4,2695.8,85681.0,7945.6,121380.9,3895.1,31033.4,646997.3,59976.9,2299026.5,2299026.5,2341159.4,2351502.3,3837.4,54550.3,241189.0,3007991.2,2658830.6,3219275.1,47461.0,481595.2,10233.0,23543.5,41964.2,423873.6,6442.8,9949.6,4484.6,1518.1,1603.2,148972.0,72031.4,68353.8,44405.0,26496.7,6415.3,87819.8,8057.9,12340.4,99572.3,556753.1
2003-Q4 ,72898.8,2754.4,86277.0,8104.3,122816.3,3949.4,31288.6,648813.0,61094.3,2314521.1,2314521.1,2357184.7,2367626.6,3937.6,55716.2,243245.0,3030419.5,2677888.6,3243631.7,47548.0,483659.2,10335.4,23779.6,44391.7,427812.2,6557.7,10323.9,4541.8,1557.4,1606.4,149769.6,72050.5,68860.7,44572.8,26514.6,6486.4,88370.7,8105.8,12548.7,102582.4,561932.8
2004-Q1 ,73671.9,2761.6,87570.0,8205.6,123467.7,4001.4,31620.6,647678.1,61388.6,2325803.7,2325803.7,2369026.6,2379622.8,4028.9,56735.0,244725.0,3045363.8,2694682.1,3262159.9,48155.0,488453.2,10499.1,24175.9,44056.6,428822.5,6620.5,10257.6,4695.3,1505.2,1598.8,151125.4,74682.9,70438.5,44975.2,27493.0,6779.0,90010.0,8227.1,12711.7,105407.8,563906.1
2004-Q2 ,74274.9,2826.1,88412.0,8366.1,124499.5,4034.8,32010.4,651006.9,61754.0,2340043.8,2340043.8,2383579.5,2394208.1,4001.6,56724.4,247131.0,3062425.2,2711874.4,3281466.0,48569.0,491246.1,10528.0,24439.7,45340.8,430239.5,6743.7,10269.7,4756.9,1538.3,1557.6,151846.0,74810.2,71029.8,45232.5,28257.5,6836.8,90338.1,8288.2,12795.3,107862.0,565981.6
2004-Q3 ,75068.1,2895.1,89183.0,8539.8,124370.3,4088.3,32476.4,649645.2,61899.6,2345358.5,2345358.5,2389412.4,2400122.1,4092.0,57481.4,249457.0,3069681.4,2720278.2,3290904.1,49096.0,493083.0,10613.5,24732.4,44870.4,430022.1,6787.5,10509.7,4781.7,1615.1,1592.9,152072.8,74094.5,70977.1,45250.4,29443.1,6967.4,91086.9,8365.0,13092.5,109078.4,566997.3
2004-Q4 ,75245.3,2954.7,89501.0,8659.9,124655.5,4147.2,33082.4,649115.6,62568.6,2353538.6,2353538.6,2398163.9,2409060.1,4177.1,57262.2,251133.0,3080686.7,2732432.7,3304502.7,49835.0,496204.7,10811.7,24820.7,46232.3,431433.3,6944.4,10396.3,4895.8,1674.2,1633.6,152404.3,74696.5,71711.0,45116.5,30087.3,7395.4,91805.3,8399.7,13293.2,110848.2,568420.7
2005-Q1 ,75175.8,2873.3,89972.0,8840.3,125713.8,4197.1,33651.6,649058.7,62341.5,2358028.7,2358028.7,2403149.2,2413913.9,4250.5,56925.4,253598.0,3089941.1,2738701.8,3315325.6,50328.0,497547.2,10660.4,25057.9,46814.9,430281.8,7094.9,10310.3,5016.5,1635.0,1599.7,152896.4,76028.0,72229.0,45463.5,29731.9,7069.3,92270.6,8478.2,13457.5,115958.3,572952.1
2005-Q2 ,76164.7,2944.4,90511.0,8964.5,127092.6,4236.8,34163.6,652538.9,63568.9,2372070.2,2372070.2,2417975.8,2429138.3,4418.8,57060.8,255852.0,3112476.2,2757237.0,3340658.4,49726.0,498673.2,11078.6,25562.7,48015.7,433909.4,7207.9,10394.2,5137.1,1682.6,1653.5,153972.0,76357.7,72545.4,45631.1,29874.9,7296.8,92801.3,8617.5,13740.0,116447.8,579684.5
2005-Q3 ,76644.8,3005.8,90869.0,9082.2,128470.1,4287.8,34676.1,658061.8,63639.7,2390184.5,2390184.5,2436872.3,2448146.9,4524.6,57854.5,258327.0,3137990.2,2779800.6,3369386.4,50446.0,501994.9,11190.7,25747.7,47390.4,437001.6,7402.3,10603.9,5393.4,1656.1,1666.9,156039.7,76882.1,73928.7,45415.7,30201.0,7490.5,93962.1,8696.1,13964.5,118092.0,585798.4
2005-Q4 ,77320.9,3067.9,91566.0,9232.1,129874.3,4339.9,35316.9,661239.4,63846.4,2404442.5,2404442.5,2451874.8,2463267.9,4629.1,58144.3,260914.0,3161144.2,2798627.6,3396330.7,50591.0,505196.9,11312.7,26036.0,49196.9,437171.1,7539.5,11153.5,5599.2,1680.0,1676.5,157023.6,77025.6,75224.8,45476.2,31272.9,7670.8,94571.9,8852.1,14167.9,121997.1,593826.1
2006-Q1 ,78206.5,3024.4,92129.0,9376.5,131402.6,4377.6,35965.6,667650.9,64648.7,2424705.4,2424705.4,2472659.4,2484110.1,4735.4,60038.8,263916.0,3186423.6,2824720.7,3425171.4,51853.0,508958.6,11365.0,26230.5,49726.3,437855.0,7603.3,11163.0,5548.7,1754.7,1656.8,158003.4,77770.2,76369.0,45847.9,32219.5,7568.3,96031.0,8918.2,14504.9,123394.1,596587.4
2006-Q2 ,78434.9,3106.6,92456.0,9539.5,132487.8,4465.4,36666.2,679074.8,66576.8,2451427.3,2451427.3,2500472.7,2512104.3,4834.6,60223.1,266491.0,3218260.4,2859362.7,3461408.9,51980.0,514251.3,11548.2,26617.6,50084.6,441118.9,7777.8,11194.6,5825.2,1737.7,1697.8,160368.7,77850.5,78144.8,46290.4,32394.6,7708.7,97639.7,9109.8,14843.8,127152.8,598199.6
2006-Q3 ,79405.2,3182.9,93270.0,9739.8,133403.5,4481.5,37111.6,684295.0,66132.8,2466178.2,2466178.2,2516010.8,2527811.0,4945.3,60510.7,268969.0,3234319.3,2878299.7,3480889.3,52474.0,515118.4,11721.2,26759.7,50567.7,443303.8,7912.1,11249.9,6023.4,1737.7,1706.5,161328.0,78511.0,79404.1,46238.2,33045.1,7798.4,98807.9,9265.3,15127.1,126194.8,598754.8
2006-Q4 ,80168.5,3226.8,94329.0,9899.8,135136.3,4541.4,37611.2,694659.6,65953.6,2493982.8,2493982.8,2544982.2,2556920.5,5068.0,62049.4,271521.0,3265450.7,2907927.9,3513309.7,52886.0,518279.0,11858.0,27019.8,50978.0,449120.1,8127.9,11414.0,6297.2,1739.9,1703.4,162658.1,79701.3,78248.5,46567.4,33232.3,7964.0,99446.1,9474.2,15553.4,129045.1,601545.8
2007-Q1 ,80954.6,3312.9,95666.0,10042.5,135806.4,4620.5,38253.9,695113.5,66172.1,2517560.9,2507948.6,2560044.8,2572243.7,5236.1,61562.1,274020.0,3286211.7,2929425.7,3540487.9,53908.0,522328.7,12117.1,26669.4,53499.2,447870.9,8412.5,11986.9,6394.5,1776.7,1764.9,164521.7,80137.5,81743.9,47057.4,34600.1,8096.8,100352.9,9631.4,15879.8,131397.7,607217.2
2007-Q2 ,81826.6,3308.0,96103.0,10236.7,137979.5,4663.6,38565.4,701014.6,65875.7,2535400.7,2525654.3,2578625.4,2590934.5,5256.5,63354.7,276493.0,3307660.2,2950071.3,3564568.7,54877.0,525880.9,12226.3,26649.9,52947.0,448931.1,8626.8,12251.8,6527.3,1817.6,1771.4,165363.5,80136.4,82834.3,47265.9,34668.6,8195.4,100919.8,9768.5,16273.0,131437.9,610641.0
2007-Q3 ,82124.1,3334.0,96845.0,10368.7,139156.5,4696.4,39108.1,704570.4,66494.7,2546062.5,2536116.6,2589993.7,2602339.7,5267.1,62959.9,278615.0,3324238.0,2965314.9,3584532.8,55381.0,528115.9,12262.1,26782.1,51708.1,449677.0,8858.1,12161.8,6648.1,1899.0,1785.5,167211.4,80986.8,84274.7,47363.3,34883.0,8258.7,101715.8,9970.5,16658.5,132208.6,615312.1
2007-Q4 ,82852.0,3317.3,97238.0,10589.6,140324.2,4795.8,39616.0,709109.6,67163.6,2558584.0,2548596.0,2603576.5,2615898.5,5235.5,62647.7,280371.0,3341697.6,2983664.8,3606036.1,56112.0,529239.7,12236.1,26867.3,53692.9,448228.0,9010.7,12258.3,6572.8,1924.6,1766.3,169473.8,81717.2,85380.3,47892.9,36111.1,8495.2,102892.1,10005.9,17720.3,136746.8,618453.9
2008-Q1 ,83446.5,3501.8,97658.0,10762.5,141546.2,4846.0,39803.5,713648.9,67135.7,2578766.2,2561854.1,2616721.4,2629390.6,5119.2,63030.8,280991.0,3357453.7,2999762.0,3625465.4,56043.0,531853.9,12581.9,27149.6,52153.5,453499.3,8966.5,12389.7,6698.1,1917.2,1827.1,170028.9,81117.4,86605.7,47896.6,37474.6,8676.7,102034.4,10191.1,17216.5,139627.4,621772.8
2008-Q2 ,84148.4,3486.5,97720.0,10890.3,143196.7,4897.9,40090.0,711984.5,66516.2,2569285.4,2552192.8,2607292.7,2620008.5,5171.2,62627.6,281316.0,3343592.8,2991787.5,3613980.1,55593.0,528683.7,12629.2,27283.7,51081.9,448970.1,9026.4,12253.2,6461.0,1975.8,1838.3,170866.4,81150.8,87100.8,47660.7,38455.1,8783.8,101951.9,10299.2,17433.7,134672.5,618293.4
2008-Q3 ,83541.1,3510.1,97149.0,11014.4,143917.3,4873.4,40187.7,707369.6,66127.7,2556498.2,2539454.7,2594360.9,2606889.7,5173.7,62566.6,280802.0,3320222.6,2978339.1,3590766.8,55785.0,528018.0,12442.7,27216.8,50945.9,443404.6,8914.1,12152.3,6198.6,1979.6,1840.1,170657.7,81028.3,87098.7,47621.3,38775.8,8766.0,101477.0,10260.7,17685.6,132225.7,608632.8
2008-Q4 ,81691.0,3487.9,95042.0,11070.6,139518.6,4844.1,39396.8,696097.0,64566.1,2510037.2,2493367.8,2547307.9,2559554.8,4563.3,61692.5,276233.0,3256423.3,2924295.1,3524104.1,54588.0,520050.2,12163.6,26258.0,48518.8,431568.8,8843.4,11704.6,6049.2,1964.8,1853.4,169531.5,81237.9,87216.7,47006.2,38633.3,8695.0,97901.8,9890.9,17904.6,128867.1,596091.8
2009-Q1 ,80283.9,3391.0,94117.0,10582.5,137026.4,4773.9,38076.5,663490.0,63647.0,2450402.9,2418236.4,2468375.4,2480021.1,4442.3,58763.5,269050.0,3168367.4,2838236.6,3427635.9,51052.0,511112.7,11580.1,25191.8,48413.4,421027.3,7706.3,11483.6,5831.4,1950.4,1799.9,163439.1,79968.4,88480.4,45823.2,35421.1,8505.4,96433.6,9418.0,16161.2,121568.1,586024.9
2009-Q2 ,79590.8,3404.8,94162.0,10592.0,137822.2,4762.1,37931.0,664549.1,62413.3,2449980.9,2417637.4,2467361.4,2479031.5,4292.4,60395.2,269038.0,3165581.3,2836464.7,3424836.0,50829.0,511208.7,11603.1,25205.5,48243.3,418491.0,7604.6,11625.9,5494.1,1948.8,1800.0,163443.2,79382.9,88664.2,45864.2,35655.2,8468.5,96508.1,9318.8,16438.1,126439.3,584912.1
2009-Q3 ,79991.8,3404.2,95352.0,10683.9,139723.3,4741.4,38111.9,668256.2,62629.1,2460016.0,2427329.1,2477067.5,2488584.9,4207.9,59957.1,269613.0,3176337.6,2848155.3,3437446.6,51299.0,511618.9,11459.6,25189.9,48104.7,420836.6,7636.0,11874.7,5217.3,1917.3,1822.1,164098.2,79425.3,89295.3,46268.8,36690.1,8513.0,96440.4,9353.9,16734.2,129468.5,585635.4
2009-Q4 ,80417.1,3367.9,96117.0,10353.6,140511.4,4791.7,38138.7,673173.8,62686.0,2471762.7,2438646.5,2488784.2,2500430.6,4227.7,60034.0,269518.0,3190249.8,2861906.1,3453312.7,50903.0,515975.3,11585.0,25166.2,46944.0,422292.8,7552.9,11930.2,5237.1,2005.1,1854.9,165086.6,79460.6,90671.5,46290.9,36967.4,8486.5,96876.7,9349.7,17075.0,131996.2,587641.0
2010-Q1 ,80039.3,3406.0,96615.0,10503.4,141832.0,4837.2,38401.3,678602.4,63227.3,2481335.4,2447761.6,2498486.8,2510006.9,4285.9,56635.8,269458.0,3205932.5,2872223.9,3467228.6,51413.0,517367.3,11467.5,25211.2,48240.7,423695.6,7611.1,12131.3,5205.7,2030.0,1913.6,164774.8,81093.1,90245.6,46671.9,34872.6,8495.7,99470.4,9350.4,17421.1,131606.8,591410.3
2010-Q2 ,81092.7,3423.3,97567.0,10676.7,142849.0,4861.0,38868.5,693884.2,63659.5,2505393.8,2471470.4,2522674.4,2534046.3,4340.3,54575.9,269879.0,3238112.3,2901243.3,3502357.6,52833.0,519953.8,11332.6,25404.5,48229.4,426834.9,7706.8,12264.6,5166.5,1982.3,1888.3,165498.1,80377.3,91547.2,46929.7,35452.5,8517.2,101535.8,9479.9,17638.7,136608.8,597500.9
2010-Q3 ,81934.6,3401.9,97974.0,10759.0,143521.6,4885.5,39155.1,699633.8,64668.7,2516520.6,2482292.2,2533887.8,2545420.1,4403.9,52786.5,269748.0,3255238.9,2915156.1,3520390.7,52616.0,523140.6,11488.0,25595.7,48625.0,428955.6,7740.9,12098.3,5147.8,2061.2,1927.0,166229.3,78723.8,92641.3,46969.1,34111.5,8622.6,102804.2,9516.0,17842.9,140393.8,601860.2
2010-Q4 ,82838.2,3453.9,98469.0,10865.6,144673.7,4920.6,39329.1,705307.7,64523.2,2531410.6,2496951.5,2549091.6,2560493.1,4496.4,52488.5,269889.0,3271994.1,2933729.0,3539813.9,53721.0,526338.8,11367.9,25566.3,48501.2,431159.5,7924.2,12168.9,5197.0,2001.9,1951.6,168104.6,80547.9,93653.8,46877.9,35146.8,8588.2,104350.0,9573.8,17966.2,144638.2,602062.1
2011-Q1 ,83495.3,3463.6,98943.0,10871.6,145477.7,4917.3,39555.1,718944.7,64663.7,2557765.1,2518605.0,2571005.3,2582355.1,4587.6,50351.7,269484.0,3296930.6,2959192.6,3567874.3,54021.0,531950.2,11326.6,25872.8,48742.7,433309.6,8075.7,12325.3,5127.4,2051.0,1929.5,169074.8,80734.2,95070.4,46568.2,35984.4,8736.7,104785.8,9650.1,18020.7,147898.1,604235.9
2011-Q2 ,83776.1,3463.3,99148.0,10976.3,146358.8,4947.5,39680.2,719625.6,65311.9,2557618.9,2518314.5,2571128.7,2582663.9,4675.2,49493.1,268648.0,3298126.2,2962554.8,3571782.7,53927.0,531797.1,11502.7,25823.2,49521.0,433669.9,8190.4,12196.2,5302.7,2071.0,1906.7,168923.7,80457.8,96252.3,46368.4,36640.9,8714.9,105162.6,9588.0,18145.4,151961.9,604753.5
2011-Q3 ,84298.7,3447.0,99432.0,10987.0,145924.5,4841.8,39608.7,725980.6,64499.6,2561040.0,2521693.5,2574693.0,2586162.3,4753.3,48465.0,266913.0,3303916.8,2968291.5,3579436.8,53993.0,534131.5,11444.2,25850.0,48778.9,431458.4,8261.2,12337.7,5385.4,2049.4,1927.3,168924.3,81530.7,97344.1,46006.4,37322.6,8715.5,106549.9,9569.8,18228.7,156002.3,606787.6
2011-Q4 ,84248.5,3441.3,99722.0,10976.6,146029.7,4879.0,39649.3,723710.9,65026.7,2550429.7,2510864.9,2564170.7,2575552.6,4751.7,46218.5,265143.0,3292332.5,2956311.0,3567765.5,54008.0,535461.1,11362.9,26142.8,48879.8,427180.5,8350.8,12305.4,5393.6,2081.5,1954.6,167905.1,81565.6,98131.7,45326.2,35857.7,8756.1,104945.4,9582.8,18367.3,158119.8,607582.1
2012-Q1 ,84974.7,3400.3,99936.0,11048.6,146735.8,4838.9,39580.8,725299.7,64981.5,2543856.6,2504338.8,2557924.4,2569172.1,4779.9,46208.3,262674.0,3289396.2,2952009.2,3566905.7,53772.0,535198.2,11236.7,25814.2,48339.7,422347.2,8395.6,12363.0,5673.3,2040.5,1977.6,167555.6,83516.1,98431.8,45078.8,37926.3,8634.0,105190.6,9485.2,18407.2,156712.9,611791.3
2012-Q2 ,84599.8,3450.0,99935.0,11020.9,147173.2,4768.6,39370.0,726661.4,65030.4,2537994.6,2498578.6,2552078.4,2563217.0,4838.5,45351.5,260156.0,3282934.8,2945328.8,3559246.8,53203.0,534691.7,11134.4,25574.1,49732.3,419511.4,8449.1,12371.1,5638.6,2063.2,1996.1,167641.0,83679.2,98249.5,44471.2,37690.6,8762.2,105390.4,9356.8,18435.4,159420.1,610892.0
2012-Q3 ,84378.5,3448.3,100178.0,10994.9,148489.9,4696.2,39228.5,728779.8,65091.4,2534910.4,2495491.2,2549234.2,2560406.5,4862.7,44651.6,258804.0,3286067.3,2941523.7,3561665.5,52998.0,535968.3,11167.3,25633.0,48808.6,417380.6,8623.3,12509.6,5710.4,2052.2,2023.9,166921.4,82674.3,98300.0,43968.9,36805.6,8652.2,105280.1,9371.9,18451.0,162233.6,618338.7
2012-Q4 ,84318.7,3403.0,100132.0,10960.1,148397.1,4606.5,39178.2,725375.3,64986.2,2523291.8,2484134.4,2537673.0,2548747.1,4905.9,44271.2,256887.0,3272172.3,2928494.8,3547077.3,52957.0,535241.7,11071.7,25568.4,48847.3,414303.6,8661.0,12724.2,5735.3,2070.7,2036.5,165753.4,83232.7,98222.9,43274.0,36563.9,8633.9,104430.9,9184.5,18428.2,164834.0,616999.5
2013-Q1 ,84277.7,3471.0,99857.0,10930.8,148930.2,4498.3,39013.3,722103.5,65352.7,2514253.0,2475130.5,2528712.6,2539816.8,4929.4,43878.2,256097.0,3268268.2,2921106.1,3542777.4,52503.0,535347.2,11096.9,25685.6,48349.7,410076.0,8713.1,12726.8,5758.0,2098.6,2061.1,166288.6,83438.5,98059.8,43454.1,36220.8,8829.5,105951.4,9215.7,18434.5,169663.4,620264.1
2013-Q2 ,84311.8,3517.7,100440.0,10910.7,150083.0,4401.6,39156.5,729971.4,65401.2,2528165.9,2489039.5,2542713.4,2553877.2,4916.8,43885.1,255871.0,3286899.1,2936976.5,3563483.2,52745.0,539259.3,11155.7,25920.5,49522.9,410390.8,8807.0,12956.3,5754.3,2112.5,2116.2,165988.1,83936.7,98820.5,43783.6,36966.0,8846.0,105844.5,9228.2,18492.9,174644.4,625251.0
2013-Q3 ,84622.4,3504.9,100751.0,10954.6,151150.8,4387.5,39323.3,733981.0,65815.4,2535670.2,2496454.6,2550362.4,2561483.6,4904.5,43960.7,255777.0,3300717.1,2947412.4,3579424.1,52929.0,538740.9,11116.4,26315.8,50999.5,411306.1,8871.4,12991.9,5835.9,2141.7,2143.8,166989.1,84618.3,99551.3,43722.6,37499.8,9037.3,106331.5,9228.5,18577.0,177204.6,631095.7
2013-Q4 ,85005.4,3527.7,100971.0,10973.0,151481.5,4377.3,39799.5,736023.6,65947.8,2543167.1,2503662.2,2558015.0,2569077.5,4902.1,44203.6,256202.0,3312617.4,2957572.4,3593464.0,52834.0,542675.2,11062.6,26526.5,50338.2,410568.8,8982.5,12876.1,5880.6,2105.3,2151.6,168049.0,84493.9,100108.9,44201.4,37937.5,8971.0,107011.3,9411.2,18683.9,177548.1,635147.1
2014-Q1 ,84807.3,3556.9,101405.0,10967.4,152241.9,4342.5,39581.6,743229.8,66114.8,2559131.7,2513504.5,2568211.1,2579216.1,4982.6,44116.3,257143.0,3328091.0,2970464.0,3610859.0,52426.0,542410.5,11007.6,26767.2,52554.4,410961.9,9082.0,13146.0,5883.8,2167.5,2222.9,167889.6,85087.8,101392.1,43917.7,38270.3,8848.8,107964.5,9420.9,18798.3,182698.9,640025.3
2014-Q2 ,85339.0,3506.2,101674.0,11036.5,153498.7,4342.0,39951.0,743381.1,66066.9,2564507.2,2518572.2,2573646.5,2584729.8,5002.9,44096.8,258355.0,3337883.2,2978774.4,3623045.1,52511.0,542913.3,11085.2,27113.9,54086.8,410949.3,9139.3,12971.7,5908.8,2204.8,2257.4,168872.5,85608.1,102519.1,44063.8,38256.5,8772.1,108860.5,9496.3,18940.4,179734.8,644191.8
2014-Q3 ,85345.0,3520.0,102376.0,11080.4,154413.6,4325.5,40424.3,746936.9,67172.8,2576564.6,2530268.8,2585739.1,2596779.1,5070.0,44555.3,260252.0,3355057.2,2995122.4,3643016.7,52714.0,545987.1,11042.9,27367.3,54539.7,411624.3,9173.0,13221.9,5941.4,2181.9,2288.8,169295.0,85906.2,103334.4,44105.5,39067.5,8675.7,109621.2,9553.2,19121.1,184153.0,647826.5
2014-Q4 ,85418.1,3599.4,102911.0,11179.8,155440.9,4341.0,40891.6,752989.3,67413.7,2585683.4,2538994.5,2594894.1,2606007.4,5145.9,44125.5,262488.0,3368497.6,3007268.8,3658808.9,52588.0,545477.5,11112.1,27512.0,54635.5,410248.7,9208.2,13563.1,5964.3,2192.6,2351.2,170811.3,86776.9,104197.9,44462.3,39291.4,8815.5,110446.4,9563.6,19329.3,186634.6,651619.1
2015-Q1 ,85607.0,3656.1,103446.0,11291.6,155021.6,4398.8,41664.0,749206.5,67875.3,2611404.1,2554881.4,2611404.1,2622630.5,5074.0,44373.5,265500.0,3390074.8,3029368.3,3684612.9,52179.0,548390.3,11218.3,27981.6,66326.9,411434.4,9242.9,13471.0,6063.0,2241.3,2424.7,171827.6,86890.3,105899.6,44749.0,39687.4,8871.7,112003.4,9619.1,19698.2,190163.4,655145.1
2015-Q2 ,85798.8,3700.2,104141.0,11372.6,155928.3,4455.2,42229.3,755032.0,68192.8,2623910.7,2566700.1,2623910.7,2635207.1,5174.1,44324.9,268365.0,3408122.6,3044970.3,3704983.9,52973.0,549282.2,11285.8,28014.0,64401.8,413000.9,9314.6,13566.5,6145.9,2247.9,2492.8,172357.1,87271.5,106485.5,44882.2,39970.3,8936.8,113145.4,9676.6,19941.2,193061.0,660037.5
2015-Q3 ,86372.6,3699.8,104340.0,11495.6,156802.6,4497.1,42741.2,757982.4,68398.5,2633878.6,2576166.3,2633878.6,2645382.3,5212.6,43472.2,270796.0,3421925.1,3059232.0,3721835.9,52968.0,550431.9,11492.1,28222.2,66072.1,413866.9,9375.2,13493.3,6198.3,2281.1,2505.9,172952.0,88118.5,107914.9,44933.3,40005.0,8918.9,114696.4,9729.7,20170.3,195766.8,662593.1
2015-Q4 ,86522.5,3735.0,104775.0,11568.4,157583.7,4593.0,42996.5,761386.9,68550.9,2646066.1,2588042.9,2646066.1,2657400.4,5203.0,44292.5,273431.0,3439071.4,3074005.7,3740860.2,53265.0,551521.6,11328.5,28513.2,66811.8,415876.5,9405.4,13578.5,6179.3,2303.9,2572.3,172979.8,87476.4,108792.8,45148.6,40276.3,9016.3,115550.1,9735.9,20316.4,198051.1,666940.8
2016-Q1 ,87205.7,3770.9,104835.0,11659.2,158108.7,4699.1,43062.2,767817.5,69340.7,2661241.8,2602844.3,2661241.8,2672967.2,5287.4,43834.4,275291.0,3455980.8,3090710.5,3758983.5,53922.0,554960.5,11723.5,28405.3,65124.1,417330.6,9428.2,13995.1,6299.6,2290.0,2523.3,174566.7,88342.4,108557.3,45359.4,40954.6,9158.0,115457.7,9827.7,20315.2,198767.1,668268.3
2016-Q2 ,87340.0,3802.5,105411.0,11747.1,159233.1,4740.0,43201.3,771524.6,70278.6,2667164.4,2608473.1,2667164.4,2678821.9,5278.0,43739.7,276433.0,3465632.2,3099488.4,3770782.2,54006.0,552860.7,11659.6,28744.5,65737.8,418146.4,9508.8,14178.9,6243.6,2327.3,2563.1,174978.9,88681.6,110150.9,45495.3,40751.5,9210.2,115514.6,9968.2,20365.8,201611.3,671293.6
2016-Q3 ,87803.0,3826.0,105596.0,11804.7,160365.9,4786.8,43593.1,773037.7,70874.8,2679907.5,2620772.9,2679907.5,2691623.1,5335.3,43867.2,278801.0,3480917.9,3114758.9,3788101.1,54616.0,555034.6,11718.9,28890.5,65836.0,420375.0,9619.6,14281.6,6257.3,2355.6,2598.6,176935.4,88135.8,110776.3,46029.4,41088.2,9276.1,115868.7,10067.0,20440.1,195829.7,673344.5
2016-Q4 ,88738.8,3870.6,106138.0,11915.7,160665.1,4897.7,43932.1,775988.2,71385.5,2700771.1,2641036.7,2700771.1,2712649.1,5399.8,44171.4,280317.0,3506772.5,3140727.2,3818086.9,54784.0,558376.8,11879.2,29147.1,73043.4,421946.6,9743.8,14353.5,6321.1,2372.8,2650.8,178416.9,90386.7,112948.9,46458.4,41630.1,9286.0,116904.3,10144.9,20562.6,206619.2,677362.2
2017-Q1 ,88976.4,3872.1,106830.0,11986.5,160699.8,4988.7,44650.1,785293.7,71852.6,2719582.5,2658913.1,2719582.5,2731632.0,5511.6,44125.5,282518.0,3529087.3,3164575.0,3845549.8,55343.0,561896.4,12045.4,29557.0,71117.3,423956.2,9846.5,14167.2,6431.3,2376.6,2815.8,179353.3,90746.2,114294.5,47002.3,43110.5,9312.8,117359.5,10343.1,20724.6,209447.5,680722.6
2017-Q2 ,89520.6,3938.1,107088.0,12069.0,161091.5,5012.8,45758.3,792556.5,72655.8,2741286.4,2680044.1,2741286.4,2753362.7,5608.3,44297.8,285412.0,3555014.1,3192649.1,3875978.6,56048.0,566801.0,12069.1,29912.6,71643.7,425840.8,9924.5,14358.4,6474.5,2343.8,2838.5,180933.0,91895.8,115405.7,47239.8,44332.1,9383.0,119046.2,10459.8,20919.5,214223.6,682716.6
2017-Q3 ,90131.8,3988.7,107019.0,12151.1,162008.9,5067.2,46144.6,797549.8,72389.3,2761750.9,2699984.8,2761750.9,2773961.0,5628.3,44741.3,287209.0,3578783.2,3216921.6,3903368.6,56257.0,571887.8,12201.2,30183.2,75307.4,427477.2,10025.9,14512.2,6509.6,2366.4,2882.8,182214.3,92454.2,117092.8,47568.1,44887.5,9482.9,120068.2,10549.6,21094.2,217471.0,685607.3
2017-Q4 ,90721.5,3966.8,107877.0,12224.9,163738.3,5151.4,46525.6,805115.2,72935.8,2783674.2,2721128.1,2783674.2,2795912.1,5715.4,44297.5,288758.0,3603508.0,3242485.1,3931666.6,56621.0,575282.0,12228.5,30625.0,78563.8,429834.5,10132.2,14523.7,6534.7,2366.1,2919.7,183554.4,91651.2,118688.4,47960.8,45187.0,9524.7,120349.5,10766.3,21345.3,221565.5,688041.2
2018-Q1 ,91330.5,4024.5,108279.0,12282.7,165308.6,5254.2,46766.9,800254.5,73309.3,2783781.1,2720605.0,2783781.1,2796060.4,5752.8,44942.3,289991.0,3604270.6,3247223.6,3937185.8,56777.0,575226.6,12270.7,31173.1,78947.3,429419.7,10228.2,14550.8,6630.9,2402.9,2986.4,184483.0,91644.6,120875.7,48309.6,45978.5,9763.1,120658.2,10808.4,21540.2,224373.4,688516.1
2018-Q2 ,91544.7,4098.8,108769.0,12389.8,167156.6,5283.2,47043.4,806760.6,73677.7,2799396.2,2735428.7,2799396.2,2811902.3,5800.1,45058.1,291690.0,3623670.0,3267963.7,3960790.1,56710.0,577795.7,12495.9,31442.8,80381.2,429678.4,10354.4,14463.3,6727.8,2404.8,3060.3,185684.5,91748.3,122568.1,48686.2,46728.5,9865.8,122086.3,10964.7,21795.1,225693.8,691150.6
2018-Q3 ,91931.3,4118.9,109194.0,12516.8,166593.5,5349.7,47388.1,799271.0,74121.4,2798655.9,2734009.1,2798655.9,2811200.4,5854.0,44948.2,293208.0,3625088.0,3270204.6,3966608.2,56657.0,580545.8,12533.4,31911.3,80714.1,430011.5,10392.4,14600.4,6820.7,2438.9,3123.4,185904.0,92616.3,124076.9,48942.2,47782.7,9886.9,121035.2,11091.8,22012.2,223524.6,695273.1
2018-Q4 ,93113.6,4127.0,110261.0,12628.1,166946.7,5475.1,47750.5,806155.4,74491.5,2817657.9,2752446.7,2817657.9,2830277.3,5922.1,45267.6,295141.0,3647176.1,3293396.0,3991331.3,56679.0,583690.8,12605.9,32248.9,82167.7,431297.4,10547.4,14665.7,6854.4,2472.4,3132.8,186810.4,92373.8,125272.8,49240.2,47764.4,9877.5,122733.5,11170.8,22124.9,215815.2,696432.5
2019-Q1 ,93638.2,4120.4,110549.0,12785.8,167097.9,5525.3,48166.5,811678.2,74329.0,2834730.6,2768851.4,2834730.6,2847621.0,6022.0,45624.8,296938.0,3667524.0,3314084.8,4015758.7,57053.0,587749.2,12867.4,32888.8,82910.5,431670.6,10697.4,14741.2,6771.2,2489.9,3230.8,188357.1,91832.4,127053.4,49667.8,47732.0,10027.7,123166.9,11342.9,22294.0,219188.8,700279.4
2019-Q2 ,93154.1,4230.6,111146.0,12929.0,167990.4,5605.6,48481.9,811375.6,75076.1,2844729.0,2778433.2,2844729.0,2857694.4,6045.9,46109.6,297966.0,3679865.2,3328454.4,4031279.6,57518.0,591507.8,12946.0,32982.2,84461.1,433098.4,10849.8,15021.7,6811.3,2539.4,3291.2,188916.8,91843.1,128218.0,49959.2,48577.7,10164.6,124148.9,11311.2,22361.0,224167.1,701248.5
2019-Q3 ,93524.3,4271.5,111962.0,12953.2,168819.0,5657.6,48820.3,811224.3,75419.4,2849357.5,2782715.8,2849357.5,2862309.3,6067.5,45875.8,298845.0,3687641.6,3336016.4,4042075.4,57568.0,592124.3,12943.4,33429.8,85532.2,433366.0,10873.2,15074.6,6831.5,2554.3,3290.9,189317.2,92293.7,129151.0,50184.5,49381.7,10380.5,124194.1,11422.8,22437.5,225356.9,704735.7
2019-Q4 ,92953.8,4220.9,112628.0,13104.8,169800.9,5756.5,49083.7,813645.2,75190.1,2850536.7,2783405.9,2850536.7,2863396.1,6112.6,45847.7,299494.0,3689009.7,3339455.9,4045798.8,57460.0,589629.6,12869.7,33639.0,87289.7,430532.6,11019.0,15146.3,6776.9,2512.4,3368.8,190399.5,94685.9,129980.9,50602.9,49842.8,10524.9,124850.2,11466.0,22576.6,228366.1,704857.4
2020-Q1 ,90636.0,4195.1,109462.0,12608.9,167336.4,5712.6,47456.6,799270.4,74271.5,2753206.0,2687463.2,2753206.0,2765873.1,6088.7,44876.0,283369.0,,3237834.4,,57340.0,558411.1,12696.2,33516.7,89450.9,404435.7,10971.9,14979.6,6688.4,2494.0,3258.4,187875.7,92719.0,130914.6,48386.8,48808.9,10544.7,124231.6,11045.4,21868.6,228770.5,683577.1
2020-Q2 ,80466.6,3934.1,96996.0,11996.6,156208.9,5021.5,43244.5,725584.7,69921.8,2443220.9,2382522.7,2443220.9,2454013.3,5768.1,38716.5,233382.0,,2884777.7,,53671.0,484964.2,10858.0,28635.9,84609.2,356553.4,10394.9,14081.3,6203.0,2152.1,2787.8,172195.0,89221.9,118939.7,41076.7,44003.6,9539.6,114313.7,10041.2,20244.7,204261.6,555388.0
2020-Q3 ,89547.1,4069.8,108394.0,12428.8,167050.2,5378.5,46273.4,790267.7,74074.4,2737789.7,2672138.4,2737789.7,2749171.3,6039.2,40956.4,271292.0,,3210130.6,,56340.0,570011.4,11453.4,31994.9,94949.1,406787.2,11033.7,15278.9,6641.2,2469.0,2968.6,183176.5,92292.6,126955.4,47075.2,46749.2,10239.8,122808.4,11213.6,22199.2,237784.3,644269.5
2020-Q4 ,87532.1,4142.4,107953.0,12653.5,167804.9,5656.2,46842.3,796471.2,74468.3,2735902.1,2669668.1,2735902.1,2748259.7,6185.9,42337.5,271946.0,,3214828.3,,56839.0,566318.6,12392.0,32539.8,91007.2,404453.6,11078.8,15115.2,6706.2,2517.5,3105.1,184343.7,92642.8,127165.0,47240.2,49112.9,10402.7,123427.3,10956.9,22365.7,241268.6,
2021-Q1 ,86350.1,4291.0,109909.0,12997.2,168296.5,5824.0,46546.1,786334.3,75439.8,2747946.5,2680466.8,2747946.5,2761123.8,6359.2,43876.3,273029.0,,3233752.2,,56649.0,566598.8,13192.6,32918.7,100034.4,410661.7,11274.5,15686.2,6749.5,2509.5,3311.7,186569.5,92525.3,130115.6,46089.7,49311.4,10749.5,124792.4,11453.0,22315.0,246175.9,
2021-Q2 ,89885.0,4360.5,112027.0,13173.7,172571.8,5871.7,47214.0,803885.8,77975.7,2805486.9,2736944.4,2805486.9,2818651.4,6489.9,44412.8,278745.0,,3300546.1,,57406.0,571517.3,13165.4,33655.6,102929.0,421361.8,11452.6,15841.2,6925.1,2489.8,3321.2,192240.7,92887.9,133386.4,48141.1,49577.0,10855.8,126836.7,11583.1,22704.8,250391.0,
2021-Q3 ,93742.4,4404.6,114485.0,13431.9,176296.6,6056.2,48041.5,809257.1,79025.1,2863794.7,2794095.8,2863794.7,2877292.6,6470.5,45842.4,285208.0,,3367755.6,,58004.0,588568.9,13493.9,34076.8,105963.8,433290.6,11643.5,15906.3,7125.9,2524.9,3452.0,196209.6,96581.5,136136.8,49576.8,50065.9,11070.0,129791.7,11864.5,22846.6,259524.0,
2021-Q4 ,93399.0,4486.8,115351.0,13637.6,176771.3,6174.2,48441.2,809332.8,80331.7,2877801.9,2807487.7,2877801.9,2891659.0,6537.7,46202.5,290880.0,,3390352.6,,58491.0,591748.6,13843.1,34959.1,104133.5,437070.0,11793.4,16272.7,7115.5,2548.2,3536.4,197593.1,96600.7,138896.4,50515.6,50428.6,11202.8,132174.7,12005.6,22963.1,263590.6,
2022-Q1 ,93931.7,4524.5,115486.0,13727.5,176652.7,6213.3,48720.6,817446.9,79429.9,2896525.8,2825905.7,2896525.8,2910738.1,6534.3,47257.5,291637.0,,3413918.4,,58312.0,591015.5,14212.8,35444.1,109180.1,437703.7,11842.5,16266.6,7201.2,2554.2,3592.5,198558.4,95887.3,143318.0,51682.5,51753.2,11213.5,130831.6,12006.7,23038.3,264151.4,
2022-Q2 ,95843.3,4594.2,116291.0,13836.4,178231.1,6248.7,48796.8,816387.7,80461.3,2919918.4,2849303.0,2919918.4,2934242.0,6456.2,47456.7,298888.0,,3438630.5,,58580.0,593212.4,14332.9,35802.5,112188.4,444004.1,11776.7,16212.5,7206.6,2579.3,3668.7,201978.7,96958.6,141945.9,51711.9,51496.6,11287.8,132112.7,12070.2,23055.7,267887.5,
2022-Q3 ,95714.4,4542.8,116655.0,13924.6,178696.9,6314.7,48684.8,819338.2,80848.7,2933575.4,2862805.4,2933575.4,2947834.5,6414.8,47703.1,300474.0,,3454350.8,,58522.0,596544.0,14283.7,35406.2,115532.3,445526.6,11856.7,16251.5,7159.0,2575.9,3678.5,202363.0,98816.8,142526.0,51966.0,51715.3,11210.2,133026.0,12062.3,23135.3,269340.0,
2022-Q4 ,95504.6,4599.9,116938.0,14006.3,178852.9,6360.0,48511.7,816009.5,80574.8,2930900.6,2860006.9,2930900.6,2945197.9,6329.0,48139.5,301950.0,,3447809.7,,58215.0,596250.1,14298.7,35153.1,115734.4,445716.7,11816.5,15875.1,7201.5,2587.3,3783.6,203610.1,98138.9,140440.1,52230.2,52646.7,11289.2,131744.6,12112.5,23189.9,272433.5,
2023-Q1 ,95616.9,4601.6,117421.0,14055.0,179357.8,6408.2,48565.9,816860.6,81565.6,2947960.4,2862883.1,2933527.1,2947960.4,6281.8,48163.7,303474.0,,3452970.5,,58130.0,596528.3,14436.5,35059.3,111845.0,447870.5,11587.7,16010.5,7187.6,2592.6,3818.8,202661.7,98377.3,141473.5,52992.9,52273.9,11316.0,132707.4,12153.9,23237.6,271746.7,
2023-Q2 ,94376.5,4647.5,117812.0,14112.8,179032.7,6379.7,48683.5,817087.5,81107.1,2951870.0,2866016.1,2937213.0,2951870.0,6262.8,48694.8,305002.0,,3456771.0,,58336.0,600456.6,14649.9,35046.5,111695.2,446755.1,11863.7,15980.8,7167.4,2603.5,3848.1,201820.3,97912.7,141361.7,53039.4,52957.4,11463.1,131799.0,12285.8,23340.7,280731.8,
2023-Q3 ,94076.3,4846.9,118261.0,14168.6,179485.1,6465.6,48293.8,817011.9,81424.1,2948233.8,2862204.4,2933531.8,2948233.8,6214.7,48702.3,306204.0,,3454929.3,,57675.0,600279.1,14716.3,35321.9,108902.5,447810.0,11859.7,15957.9,7173.4,2608.3,3935.4,201276.6,97428.9,142903.8,52935.4,53365.6,11628.3,131664.6,12288.3,23398.5,281496.9,
2023-Q4 ,94120.8,,118674.0,14233.5,180000.2,6501.6,48409.2,814666.6,83039.4,2949422.5,2863159.8,2934714.5,2949422.5,6169.7,,308112.0,,3458453.8,,57272.0,600167.4,14908.6,35321.0,105179.0,448551.1,11844.9,,7227.5,,3946.1,201915.4,,142883.0,53357.0,53172.9,11734.4,131586.3,12422.2,23473.2,,
