,gdp_total,imports_goods_services,household_cons,gov_consumption,investments,gpd_invest_business_households,gov_invest,change_supply,exports_goods_services,BeloningSeizoengecorrigeerd_2,Loonkosten_7,BeloningVanWerknemers_8,Bankruptcies_monthly,BusinessOutlook_Industry_monthly,BusinessOutlook_Retail_monthly,Consumentenvertrouwen_1_monthly,EconomischKlimaat_2_monthly,Koopbereidheid_3_monthly,EconomischeSituatieLaatste12Maanden_4_monthly,EconomischeSituatieKomende12Maanden_5_monthly,FinancieleSituatieLaatste12Maanden_6_monthly,FinancieleSituatieKomende12Maanden_7_monthly,GunstigeTijdVoorGroteAankopen_8_monthly,CPI_1_monthly,CPIAfgeleid_2_monthly,MaandmutatieCPI_3_monthly,MaandmutatieCPIAfgeleid_4_monthly,ProducerConfidence_1_monthly,ExpectedActivity_2_monthly,CHN_monthly,JPN_monthly,FRA_monthly,USA_monthly,DEU_monthly,CAN_monthly,G20_monthly,IMP_advanceEconomies_monthly,EXP_advancedEconomies_monthly,IMP_EuroArea_monthly,Exp_EuroArea_monthly,InterestRatesNLD_monthly,M3_1_monthly,M3_2_monthly,M1_monthly,EA_monthly,US_monthly,UK_monthly,AEX_close_monthly
1996-04-01,119388.0,49327.0,59897.0,27660.0,22683.0,18307.0,4352.0,820.0,57253.0,42079.0,39949.0,4.6,470.3333333333333,,,3.6666666666666665,0.3333333333333333,5.0,-1.3333333333333333,2.3333333333333335,3.6666666666666665,10.333333333333334,1.3333333333333333,68.41333333333334,72.68333333333334,0.65,0.65,-2.1333333333333333,9.366666666666665,101.1186,101.8523,98.51015666666666,98.76764666666666,99.25833,98.41258333333333,100.03951333333333,,,,,,237981.0,221420.0,69403.33333333333,5.63,5.4040333333333335,6.277533333333333,234.18946866666667
1996-07-01,120719.0,49605.0,60203.0,27837.0,24149.0,19564.0,4555.0,853.0,56936.0,42764.0,47685.0,4.0,457.6666666666667,,,0.0,-10.333333333333334,6.666666666666667,-11.666666666666666,-9.666666666666666,5.333333333333333,13.0,2.3333333333333335,68.92,73.21666666666667,-0.10000000000000002,-0.10000000000000002,-2.3333333333333335,7.633333333333333,102.38886666666667,102.22033333333333,98.51502666666666,99.25914333333333,99.20803000000001,99.16867,100.32796666666667,,,,,,244919.66666666666,227972.33333333334,74993.66666666667,5.136666666666667,5.5196,6.045266666666667,254.87740566666665
1996-10-01,122410.0,50984.0,60857.0,28075.0,24906.0,20299.0,4567.0,799.0,58409.0,43266.0,40482.0,3.7,447.3333333333333,,,10.0,9.0,10.666666666666666,5.666666666666667,12.333333333333334,8.0,18.666666666666668,5.666666666666667,68.98666666666666,73.3,0.3333333333333333,0.3666666666666667,-1.3333333333333333,8.466666666666667,104.50266666666666,102.38656666666667,98.27574,99.57515333333333,99.55025333333333,99.78679333333334,100.60343333333333,,,,,,246989.0,230151.66666666666,75122.33333333333,5.0,5.5944666666666665,5.840633333333333,251.64949533333333
1997-01-01,123280.0,52800.0,61743.0,28262.0,26077.0,21296.0,4736.0,447.0,59372.0,43911.0,42792.0,3.3,483.6666666666667,,,15.333333333333334,21.666666666666668,10.666666666666666,19.333333333333332,24.0,7.333333333333333,20.0,5.0,69.45,73.80333333333333,0.0,0.0,-1.3,7.466666666666666,104.43376666666666,102.20870000000001,97.95771333333334,99.80518000000001,99.91902333333333,100.28373333333333,100.69006666666667,,,,,,247773.33333333334,230862.33333333334,77463.0,4.586666666666667,5.5334666666666665,6.278966666666666,280.78837100000004
1997-04-01,124625.0,54295.0,62386.0,28552.0,25593.0,21100.0,4443.0,197.0,61933.0,44418.0,42212.0,6.0,483.3333333333333,,,19.0,27.333333333333332,13.0,28.0,26.666666666666668,11.0,20.333333333333332,8.0,69.72000000000001,73.91,0.3666666666666667,0.26666666666666666,1.2666666666666666,13.166666666666666,102.87206666666667,101.7124,98.14149666666667,100.12646,100.23073333333332,100.80453333333332,100.75086666666668,,,,,,254293.33333333334,237388.66666666666,80299.33333333333,4.44,5.571433333333334,6.335833333333333,325.83533733333337
1997-07-01,125922.0,56102.0,62840.0,28685.0,26204.0,21569.0,4581.0,905.0,63156.0,45030.0,50102.0,5.3,456.3333333333333,,,23.333333333333332,33.0,17.333333333333332,37.333333333333336,28.0,14.666666666666666,23.666666666666668,13.0,70.19333333333333,74.38666666666667,-0.06666666666666665,-0.06666666666666665,1.2,9.366666666666667,100.9421,101.1438,98.72190666666667,100.54273333333333,100.56880000000001,101.32456666666667,100.76983333333334,,,,,,260255.33333333334,243057.33333333334,84081.66666666667,4.326666666666667,5.814366666666667,6.550366666666666,365.424815
1997-10-01,127752.0,57170.0,63466.0,28955.0,26083.0,21382.0,4652.0,1214.0,64893.0,45652.0,42545.0,5.4,443.6666666666667,,,24.333333333333332,32.333333333333336,19.666666666666668,37.333333333333336,27.0,17.666666666666668,24.0,17.0,70.58666666666666,74.84333333333335,0.5,0.5333333333333333,3.733333333333333,11.833333333333334,98.84932333333332,100.31633666666666,99.30688333333335,100.87676666666668,100.85223333333333,101.53496666666666,100.5834,,,,,,263405.0,246297.33333333334,83803.0,4.323333333333333,5.731366666666666,7.193933333333334,419.2373453333333
1998-01-01,129391.0,58403.0,64332.0,29204.0,26246.0,21573.0,4620.0,1806.0,65924.0,46602.0,45168.0,5.8,465.6666666666667,,,25.333333333333332,33.333333333333336,20.0,38.333333333333336,29.0,17.666666666666668,25.666666666666668,16.0,71.08666666666666,75.38333333333333,-0.06666666666666667,-0.06666666666666667,4.033333333333333,10.200000000000001,97.72030333333333,99.16383333333333,99.70513,100.96086666666667,100.9859,101.14596666666667,100.16969999999999,,,,,,269160.0,251977.0,87665.66666666667,4.433333333333334,5.8379666666666665,7.566733333333333,401.59125766666665
1998-04-01,131136.0,59925.0,65113.0,29664.0,27592.0,22741.0,4790.0,2432.0,66140.0,47568.0,45270.0,7.5,458.6666666666667,,,28.0,37.666666666666664,21.666666666666668,45.333333333333336,30.333333333333332,20.666666666666668,27.333333333333332,17.0,71.17333333333333,75.29333333333334,0.3666666666666667,0.23333333333333336,2.533333333333333,8.333333333333334,97.53536333333334,98.15354333333333,100.15894333333334,100.80376666666666,100.92913333333333,100.54753333333333,99.69095666666665,,,,,,281211.0,264213.3333333333,90650.33333333333,4.203333333333333,5.657066666666666,7.565366666666667,476.9841613333333
1998-07-01,132075.0,60317.0,66323.0,29909.0,27132.0,22427.0,4643.0,1136.0,67720.0,48127.0,53415.0,6.8,432.3333333333333,,,32.333333333333336,42.333333333333336,26.0,50.666666666666664,33.666666666666664,23.333333333333332,28.0,27.0,71.73333333333333,75.88333333333334,-0.06666666666666668,-0.06666666666666668,2.766666666666667,10.1,98.21599666666667,97.45393333333334,100.68163333333332,100.39043333333335,100.68346666666666,99.50977,99.20818000000001,,,,,,295393.0,278164.3333333333,98484.33333333333,4.056666666666666,5.689333333333333,7.579133333333334,533.408956
1998-10-01,133202.0,61585.0,67424.0,30154.0,28161.0,23383.0,4706.0,415.0,68529.0,49114.0,45626.0,7.5,436.6666666666667,,,29.0,33.333333333333336,26.0,43.666666666666664,22.666666666666668,24.0,26.0,28.333333333333332,71.85333333333334,76.01666666666667,0.3333333333333333,0.3666666666666667,1.9666666666666668,10.866666666666667,98.88907999999999,97.16270999999999,100.6819,99.87077666666666,100.09657666666668,98.45561666666667,98.75175666666667,,,,,,298694.0,281747.6666666667,99338.66666666667,3.936666666666667,5.621933333333334,7.667366666666666,491.6141053333333
1999-01-01,134421.0,62328.0,68283.0,30269.0,28125.0,23248.0,4810.0,-1.0,69878.0,49966.0,48186.0,6.9,349.3333333333333,,,12.666666666666666,-2.3333333333333335,22.0,17.333333333333332,-22.0,22.666666666666668,20.333333333333332,24.0,72.34333333333332,76.54333333333334,-0.033333333333333326,-0.033333333333333326,-1.8666666666666665,5.6000000000000005,99.24393666666667,97.46399000000001,100.13297,99.88063666666666,99.52207666666668,98.53548666666667,98.77490333333333,,,,,,299472.6666666667,282737.6666666667,103412.0,3.6233333333333335,5.274633333333333,6.885133333333333,496.15797933333334
1999-04-01,136662.0,64021.0,69437.0,30346.0,29657.0,24457.0,5135.0,-465.0,71498.0,51051.0,48761.0,7.7,334.0,,,12.666666666666666,0.0,21.0,15.666666666666666,-15.666666666666666,20.333333333333332,23.0,20.0,72.7,76.53666666666668,0.5,0.3333333333333333,-2.533333333333333,6.5,99.55663,98.47911666666668,99.84535999999999,100.43716666666667,99.34945666666665,99.31220333333333,99.41792,,,,,,306248.0,289986.0,109767.0,3.090733333333333,5.002233333333334,5.625533333333333,535.0466716666666
1999-07-01,138183.0,65869.0,70516.0,30449.0,29776.0,24448.0,5272.0,-376.0,73476.0,51901.0,57596.0,7.8,323.0,,,15.666666666666666,2.0,24.666666666666668,13.666666666666666,-9.666666666666666,22.666666666666668,25.0,26.333333333333332,73.32000000000001,77.19666666666667,-0.06666666666666667,-0.06666666666666667,-1.5333333333333332,7.8,100.21640333333333,99.58537999999999,100.25254333333334,100.93053333333334,99.59426,99.84714333333334,100.25193,,,,,,321471.0,304909.3333333333,117427.66666666667,2.634066666666667,5.067066666666666,5.295866666666666,562.9233399999999
1999-10-01,140086.0,67659.0,71260.0,30758.0,30799.0,25256.0,5488.0,606.0,74151.0,52840.0,49081.0,7.6,300.0,,,22.333333333333332,17.0,26.0,24.333333333333332,9.666666666666666,24.333333333333332,28.333333333333332,25.666666666666668,73.44,77.31333333333333,0.3,0.26666666666666666,-0.20000000000000004,8.299999999999999,100.27733333333333,100.40603333333333,101.24086666666666,101.18193333333333,100.20733666666666,100.11590000000001,100.8787,,,,,,328961.3333333333,312441.0,118182.66666666667,2.6994000000000002,5.441666666666666,5.277233333333334,557.5466716666666
2000-01-01,142056.0,69855.0,71707.0,31042.0,31682.0,26205.0,5397.0,391.0,76853.0,53889.0,51966.0,7.7,323.0,,,34.0,37.333333333333336,32.0,46.666666666666664,27.666666666666668,29.333333333333332,34.0,32.0,73.83666666666666,77.72,-0.033333333333333326,-0.033333333333333326,3.9666666666666663,13.566666666666668,99.87880333333334,100.98903333333334,102.06823333333334,101.33120000000001,100.96300000000001,100.5366,101.31113333333333,,,,,,331018.0,314437.6666666667,118777.33333333333,3.4298,6.137066666666667,5.984466666666666,615.1133216666667
2000-04-01,142941.0,71275.0,72738.0,31237.0,30736.0,25273.0,5398.0,-196.0,79370.0,55575.0,53199.0,9.0,340.0,,,35.333333333333336,41.333333333333336,32.0,52.666666666666664,29.666666666666668,30.333333333333332,33.666666666666664,32.0,74.07,77.71333333333332,0.43333333333333335,0.3333333333333333,3.1333333333333333,9.4,99.76867333333333,101.3994,102.65286666666667,101.29106666666667,101.6016,100.99523333333333,101.56086666666666,74.66666666666667,70.33333333333333,80.86666666666666,74.83333333333333,,343423.0,327061.3333333333,124886.0,3.5422999999999996,6.111999999999999,6.200833333333333,646.3166706666667
2000-07-01,144537.0,73740.0,72962.0,31504.0,31371.0,25890.0,5410.0,420.0,81700.0,56200.0,62382.0,8.3,340.3333333333333,,,34.666666666666664,42.0,30.0,52.666666666666664,31.0,29.333333333333332,31.0,29.333333333333332,74.91333333333334,78.58999999999999,0.13333333333333333,0.13333333333333333,4.3999999999999995,10.166666666666666,99.40639666666668,101.4225,103.0244,100.93583333333333,102.1191,101.149,101.42426666666665,77.23333333333333,72.36666666666666,82.96666666666667,77.16666666666667,,352367.3333333333,335656.3333333333,129494.33333333333,4.263,6.619233333333334,6.275633333333334,663.0066733333333
2000-10-01,145730.0,74662.0,73558.0,31878.0,31144.0,25720.0,5357.0,-564.0,84000.0,57156.0,53140.0,8.2,387.3333333333333,,,31.0,33.333333333333336,30.0,43.333333333333336,23.333333333333332,29.0,29.666666666666668,30.333333333333332,75.27333333333333,78.95333333333333,0.43333333333333335,0.43333333333333335,4.433333333333334,7.766666666666667,98.46456,101.15766666666667,103.04216666666666,100.36810000000001,102.32459999999999,100.81853333333333,100.9411,78.83333333333333,74.03333333333333,84.6,78.89999999999999,,348894.3333333333,332360.6666666667,128655.0,4.7376000000000005,6.699166666666667,6.205233333333333,673.0733443333334
2001-01-01,147624.0,78435.0,74029.0,32037.0,31666.0,25740.0,5888.0,-460.0,88461.0,57834.0,55762.0,7.3,431.6666666666667,,,31.0,30.0,31.0,39.0,20.666666666666668,29.666666666666668,31.0,33.0,75.96333333333332,79.67666666666666,-0.13333333333333333,-0.13333333333333333,4.5,9.5,97.50862,100.75760000000001,102.74083333333333,99.47331333333334,101.93286666666667,99.80612666666667,100.15466666666667,80.46666666666665,75.66666666666667,87.83333333333333,81.93333333333334,,358672.3333333333,342323.6666666667,132012.33333333334,5.024166666666666,6.691733333333333,6.068133333333333,656.0266523333333
2001-04-01,147784.0,77310.0,74157.0,32844.0,31448.0,25640.0,5760.0,1144.0,85247.0,58757.0,56158.0,5.6,450.3333333333333,,,20.0,11.333333333333334,25.666666666666668,27.0,-4.333333333333333,29.333333333333332,25.666666666666668,22.666666666666668,76.99666666666667,79.94333333333333,0.9,0.5666666666666668,0.3666666666666667,5.266666666666667,97.05735666666668,100.16024666666665,102.05343333333333,98.54365666666666,100.82543333333335,98.80863666666666,99.27696666666667,78.93333333333334,74.76666666666667,85.86666666666667,81.66666666666667,,370726.6666666667,355161.3333333333,126711.33333333333,4.745033333333333,5.3368,5.717866666666667,598.5566606666666
2001-07-01,148532.0,76332.0,74672.0,32994.0,31750.0,25898.0,5805.0,731.0,84505.0,59294.0,65887.0,5.6,470.3333333333333,,,4.0,-20.666666666666668,20.0,-6.0,-35.333333333333336,28.0,18.333333333333332,14.333333333333334,78.20333333333333,81.19333333333333,0.16666666666666666,0.16666666666666666,-3.1333333333333333,4.5,96.89143666666666,99.49080666666667,100.98259999999999,98.23461000000002,99.45332,98.38700999999999,98.73253333333332,76.86666666666666,73.13333333333334,84.86666666666666,80.83333333333333,,384786.6666666667,369466.3333333333,134380.66666666666,4.590766666666667,4.1839,5.303866666666667,583.9133503333334
2001-10-01,148790.0,76665.0,74962.0,33151.0,31410.0,25499.0,5879.0,1059.0,84708.0,60377.0,56100.0,5.6,507.3333333333333,,,-2.3333333333333335,-31.666666666666668,17.0,-25.0,-38.0,23.333333333333332,17.333333333333332,10.333333333333334,78.49333333333334,81.51333333333334,0.5,0.5,-4.533333333333333,4.366666666666667,96.66848666666665,98.84630333333332,99.73053,98.10990666666667,98.42622999999999,98.36290000000001,98.40639333333333,75.39999999999999,71.73333333333333,83.06666666666666,79.89999999999999,,378298.3333333333,364417.3333333333,134069.33333333334,4.267833333333333,3.450566666666667,4.9935,508.7399903333333
2002-01-01,149270.0,75012.0,75509.0,33311.0,31969.0,25872.0,6069.0,-583.0,83855.0,60656.0,58550.0,5.0,516.6666666666666,,,-2.6666666666666665,-35.0,19.333333333333332,-27.666666666666668,-42.0,26.0,20.333333333333332,11.333333333333334,79.00333333333333,82.03333333333335,-0.16666666666666666,-0.16666666666666666,-8.0,0.13333333333333333,96.93888,98.51994,99.08910666666667,98.31401333333334,98.28778333333332,99.07119999999999,98.50402666666666,75.2,71.43333333333334,82.66666666666667,79.23333333333333,,395910.3333333333,385306.3333333333,143496.66666666666,3.4435000000000002,2.142466666666667,4.1585,486.593333
2002-04-01,148359.0,75874.0,75454.0,34003.0,31149.0,24878.0,6266.0,-686.0,84188.0,62199.0,59253.0,5.5,542.6666666666666,,,2.3333333333333335,-17.0,14.666666666666666,-36.333333333333336,2.0,20.0,25.333333333333332,-0.6666666666666666,79.90333333333332,82.91333333333334,0.7000000000000001,0.6666666666666666,-5.166666666666667,4.766666666666667,97.75703333333333,98.78867666666667,99.27761,99.12324,98.94079666666666,100.30796666666667,99.13535999999999,76.33333333333333,72.60000000000001,82.63333333333334,80.03333333333335,,415644.3333333333,403600.3333333333,146752.33333333334,3.3622333333333336,1.9039000000000001,4.076666666666667,509.01334633333335
2002-07-01,148876.0,76303.0,75550.0,34624.0,30677.0,24296.0,6391.0,-526.0,84798.0,62453.0,69563.0,5.6,517.6666666666666,,,-9.333333333333334,-23.0,0.0,-50.333333333333336,4.333333333333333,3.3333333333333335,19.666666666666668,-23.333333333333332,80.82333333333334,83.85333333333334,0.06666666666666667,0.033333333333333326,-4.1000000000000005,5.5,98.74383999999999,99.25702000000001,99.28547333333334,99.35618666666666,99.30754666666667,100.68973333333334,99.47499,77.8,74.23333333333333,82.89999999999999,81.36666666666666,,424718.3333333333,411009.0,151658.0,3.4459999999999997,1.9166,4.168166666666667,478.4966636666666
2002-10-01,149107.0,76995.0,75725.0,34678.0,30393.0,23945.0,6467.0,-309.0,85547.0,62961.0,58356.0,4.1,580.0,,,-25.0,-44.666666666666664,-12.0,-69.33333333333333,-20.0,-9.666666666666666,13.333333333333334,-40.0,81.01333333333334,84.04333333333334,0.43333333333333335,0.43333333333333335,-3.4,7.333333333333333,99.50439,99.36097333333333,98.74505666666666,98.63087666666667,98.93413,100.01982,99.19036333333334,78.89999999999999,75.03333333333335,83.83333333333333,82.5,,423745.3333333333,408676.6666666667,148374.33333333334,3.357333333333333,1.8093333333333332,4.0119,343.846659
2003-01-01,149330.0,76849.0,76093.0,34698.0,29242.0,22811.0,6466.0,181.0,85905.0,63353.0,61293.0,4.8,616.6666666666666,,,-28.0,-50.0,-13.333333333333334,-76.66666666666667,-24.0,-13.0,10.333333333333334,-38.0,81.23666666666666,84.32666666666667,-0.26666666666666666,-0.26666666666666666,-4.566666666666666,4.366666666666667,100.27516666666668,99.26996000000001,98.16678666666667,97.99338,98.45699666666667,99.24842000000001,98.86204333333335,79.93333333333332,75.36666666666667,85.10000000000001,83.10000000000001,,431537.6666666667,415417.6666666667,149507.66666666666,3.1088,1.5490000000000002,3.9844000000000004,342.5199989999999
2003-04-01,149356.0,78181.0,75850.0,35323.0,29574.0,23219.0,6379.0,-209.0,86931.0,63730.0,60479.0,1.9,638.6666666666666,,,-31.666666666666668,-58.666666666666664,-14.0,-82.0,-35.333333333333336,-16.333333333333332,4.666666666666667,-31.333333333333332,81.84333333333333,84.67666666666666,0.6333333333333333,0.5333333333333333,-8.633333333333333,-0.46666666666666673,100.95613333333334,99.34182,97.56282333333333,97.79548666666666,98.46249333333333,98.74189000000001,98.67014999999999,80.7,75.33333333333333,86.10000000000001,82.26666666666667,4.693333333333333,451386.3333333333,435792.3333333333,150768.66666666666,2.6830999999999996,1.3320666666666667,3.797266666666667,269.896662
2003-07-01,148840.0,77785.0,75690.0,35370.0,29633.0,23156.0,6511.0,-195.0,86093.0,64318.0,72057.0,3.4,762.6666666666666,,,-34.333333333333336,-57.0,-19.0,-81.33333333333333,-33.0,-21.666666666666668,2.3333333333333335,-37.0,82.44333333333333,85.30333333333333,-0.16666666666666666,-0.16666666666666666,-9.933333333333332,-0.8666666666666666,101.32150000000001,99.62061,97.30637999999999,98.18132666666668,98.82732333333333,98.71411666666667,98.82944333333334,80.89999999999999,75.16666666666667,85.83333333333333,81.60000000000001,4.486666666666667,469160.6666666667,452354.0,156983.33333333334,2.3619,1.2357666666666667,3.6393999999999997,284.9166666666667
2003-10-01,148972.0,77598.0,75435.0,35492.0,29786.0,23215.0,6611.0,-574.0,86395.0,64616.0,59854.0,2.4,740.6666666666666,,,-34.0,-51.666666666666664,-22.333333333333332,-82.0,-22.0,-25.333333333333332,-1.0,-40.0,82.68333333333334,85.64333333333333,0.4666666666666666,0.5,-9.1,2.3000000000000003,101.4178,100.06116666666667,97.70964333333332,99.17173666666667,99.55826666666667,99.40502,99.45190666666667,81.46666666666665,76.83333333333333,85.66666666666667,83.3,4.32,470221.3333333333,452456.0,155387.66666666666,2.1392333333333333,1.1290333333333333,3.5698000000000003,317.893331
2004-01-01,149770.0,79220.0,75577.0,35584.0,30326.0,23803.0,6553.0,-576.0,88046.0,65038.0,63262.0,3.0,774.0,,,-28.0,-39.333333333333336,-20.333333333333332,-74.33333333333333,-4.666666666666667,-25.0,-1.0,-35.0,82.76333333333334,85.73,-0.39999999999999997,-0.39999999999999997,-5.833333333333333,4.3,101.55946666666667,100.45123333333333,98.39281999999999,100.34200333333332,100.19243333333333,100.32896666666666,100.22026333333334,84.93333333333334,79.86666666666666,89.43333333333334,86.33333333333333,4.496666666666666,478239.6666666667,459467.3333333333,156089.0,2.1496333333333335,1.167,3.9341333333333335,333.35333233333336
2004-04-01,151125.0,79275.0,76436.0,34936.0,30177.0,23732.0,6466.0,-397.0,89132.0,64981.0,61192.0,1.4,800.6666666666666,,,-22.0,-26.666666666666668,-18.666666666666668,-63.333333333333336,10.0,-23.333333333333332,-0.3333333333333333,-32.333333333333336,82.83666666666666,85.56666666666666,0.43333333333333335,0.3333333333333333,-4.933333333333334,3.6,101.41523333333333,100.64563333333332,98.97665333333333,101.04713333333332,100.40366666666667,100.89373333333333,100.6223,86.39999999999999,81.3,89.83333333333333,87.33333333333333,4.326666666666667,485524.3333333333,465239.3333333333,153103.0,2.0629666666666666,1.1215000000000002,4.172833333333333,349.5899963333333
2004-07-01,151846.0,82365.0,76082.0,35403.0,29726.0,23569.0,6169.0,-274.0,93100.0,65344.0,73327.0,2.0,777.0,,,-21.333333333333332,-24.333333333333332,-19.0,-55.333333333333336,6.333333333333333,-23.0,1.6666666666666667,-35.666666666666664,83.62333333333333,86.21666666666665,-0.033333333333333326,-0.06666666666666665,-1.9000000000000001,6.133333333333333,100.83133333333335,100.79953333333333,99.34406666666666,101.08003333333333,100.45226666666667,100.84336666666667,100.60156666666667,89.16666666666667,83.83333333333333,92.33333333333333,90.13333333333333,4.113333333333333,491816.6666666667,470269.0,157949.0,2.0824666666666665,1.3019333333333334,4.571033333333333,341.243337
2004-10-01,152073.0,83773.0,76047.0,35323.0,29504.0,23436.0,6072.0,18.0,94778.0,65440.0,60242.0,0.9,776.6666666666666,,,-17.0,-17.666666666666668,-17.0,-47.0,12.333333333333334,-22.0,4.333333333333333,-33.333333333333336,83.62,86.16333333333334,0.3666666666666667,0.3333333333333333,-2.066666666666667,2.3000000000000003,100.49283333333334,100.85003333333333,99.62672666666667,100.78506666666665,100.35713333333332,100.46076666666666,100.50073333333334,89.3,83.46666666666665,92.63333333333333,89.53333333333335,4.206666666666667,490642.3333333333,468099.3333333333,153829.66666666666,2.1163000000000003,1.7537,4.922233333333334,325.656667
2005-01-01,152404.0,85729.0,76082.0,35440.0,29973.0,23918.0,6046.0,-461.0,96900.0,65687.0,63970.0,1.4,762.0,,,-22.0,-24.666666666666668,-20.0,-49.666666666666664,0.0,-25.0,-1.6666666666666667,-33.333333333333336,83.82000000000001,86.37666666666667,-0.39999999999999997,-0.39999999999999997,-2.5,3.5666666666666664,100.35076666666667,100.73910000000001,99.81841333333334,100.57869999999998,100.16879999999999,100.18766666666666,100.4667,91.43333333333334,84.86666666666667,94.60000000000001,91.23333333333333,3.9600000000000004,498070.3333333333,474454.3333333333,157679.0,2.1636,2.2959,4.8851,338.56999733333333
2005-04-01,152896.0,85467.0,76210.0,35207.0,30225.0,24191.0,6025.0,-366.0,96874.0,65712.0,61826.0,0.8,875.0,,,-19.333333333333332,-19.0,-19.666666666666668,-44.333333333333336,6.333333333333333,-27.666666666666668,-2.3333333333333335,-29.333333333333332,84.18666666666667,86.55333333333333,0.6333333333333333,0.5666666666666667,-2.5,4.066666666666666,100.17643333333332,100.62943333333334,99.76455333333332,100.45886666666667,99.84679333333334,100.06456666666666,100.31263333333334,91.46666666666665,84.7,93.8,89.86666666666667,3.7466666666666666,498308.0,474227.0,159477.33333333334,2.140333333333333,2.8366000000000002,4.9171000000000005,368.1166686666667
2005-07-01,153972.0,86487.0,76490.0,35565.0,30849.0,24778.0,6045.0,-511.0,97787.0,66379.0,74837.0,1.8,851.3333333333334,,,-15.0,-6.666666666666667,-20.666666666666668,-31.0,18.0,-30.333333333333332,-0.6666666666666666,-30.666666666666668,84.90333333333334,87.29,-0.06666666666666667,-0.06666666666666667,-3.0666666666666664,5.0,100.24546666666667,100.59386666666667,99.65911999999999,100.33143333333334,99.58226666666667,99.86278,100.09336666666667,93.43333333333334,87.60000000000001,96.13333333333333,93.13333333333333,3.7899999999999996,513035.6666666667,487832.3333333333,166132.33333333334,2.1246,3.2845333333333335,4.8928666666666665,365.56999733333333
2005-10-01,156040.0,88442.0,77230.0,36056.0,31386.0,25226.0,6135.0,-415.0,99971.0,66994.0,61611.0,2.0,813.3333333333334,,,-24.333333333333332,-26.0,-23.0,-50.0,-2.0,-27.333333333333332,-5.666666666666667,-36.0,85.08666666666666,87.48666666666668,0.39999999999999997,0.43333333333333335,-3.6333333333333333,3.1,100.35723333333333,100.82960000000001,99.88036,100.48540000000001,99.85668,99.82376,100.14563333333332,93.60000000000001,88.3,95.76666666666667,93.86666666666667,3.7133333333333334,529309.0,503260.0,171811.66666666666,2.130333333333333,3.7725666666666666,4.616466666666667,396.119995
2006-01-01,157024.0,88984.0,77453.0,36065.0,30772.0,24708.0,6061.0,437.0,101063.0,66621.0,65353.0,1.8,821.0,,,-15.666666666666666,-8.333333333333334,-20.333333333333332,-30.333333333333332,13.333333333333334,-21.666666666666668,-4.666666666666667,-34.666666666666664,85.36,87.77,-0.3,-0.3,0.5666666666666667,10.299999999999999,100.3134,101.2463,100.39773333333333,100.91933333333333,100.54483333333333,100.09517333333334,100.45596666666665,97.2,91.26666666666667,99.39999999999999,96.39999999999999,3.78,543256.6666666666,516455.6666666667,175975.66666666666,2.3434666666666666,4.336866666666666,4.6142666666666665,416.57667066666664
2006-04-01,158003.0,92283.0,76153.0,38225.0,31453.0,25069.0,6374.0,139.0,104035.0,67021.0,63101.0,1.9,855.0,,,-5.333333333333333,8.666666666666666,-14.666666666666666,-9.666666666666666,27.333333333333332,-16.666666666666668,1.3333333333333333,-28.333333333333332,85.12333333333333,87.90666666666668,0.26666666666666666,0.43333333333333335,2.0,12.866666666666667,100.46423333333333,101.60606666666666,101.00573333333334,101.29966666666667,101.269,100.38066666666667,100.81833333333333,98.96666666666665,93.7,100.2,98.23333333333335,4.02,566266.6666666666,539171.3333333334,187108.0,2.6115666666666666,4.760366666666666,4.591033333333333,459.30333433333334
2006-07-01,160369.0,94040.0,76865.0,38646.0,32601.0,26097.0,6485.0,-156.0,106146.0,68324.0,77117.0,3.0,775.3333333333334,,,5.333333333333333,25.666666666666668,-8.333333333333334,9.333333333333334,42.0,-15.333333333333334,9.0,-19.0,86.02,88.81666666666666,0.06666666666666665,0.033333333333333326,2.6999999999999997,9.7,100.87079999999999,101.65116666666667,101.29180000000001,101.2556,101.5739,100.2998,100.984,100.66666666666667,95.86666666666667,102.63333333333333,100.60000000000001,4.333333333333333,581174.0,552974.6666666666,194309.66666666666,2.8895,5.2138333333333335,4.6887,450.0199993333333
2006-10-01,161328.0,94334.0,77012.0,38687.0,33411.0,26828.0,6553.0,-778.0,106997.0,68949.0,63258.0,2.5,732.6666666666666,,,12.0,33.0,-1.6666666666666667,25.0,41.0,-11.333333333333334,12.666666666666666,-7.0,86.08999999999999,88.86333333333333,0.2333333333333333,0.2333333333333333,5.633333333333333,12.433333333333332,101.16726666666666,101.49936666666667,101.56176666666666,101.19043333333333,101.557,100.12716666666665,101.09496666666666,100.5,95.86666666666667,103.2,101.66666666666667,4.543333333333333,579250.3333333334,550276.0,190705.66666666666,3.2213666666666665,5.433233333333334,4.900833333333334,468.8966676666667
2007-01-01,162658.0,96716.0,76985.0,39299.0,34504.0,27732.0,6788.0,-192.0,108463.0,70219.0,69152.0,5.9,696.6666666666666,,,14.666666666666666,35.666666666666664,0.6666666666666666,29.333333333333332,41.666666666666664,-8.666666666666666,12.0,-0.6666666666666666,86.04333333333334,88.80666666666667,-0.3,-0.3,5.766666666666667,13.966666666666667,101.88803333333334,101.50626666666666,102.10089999999998,101.45179999999999,101.71976666666666,100.26356666666668,101.48509999999999,102.96666666666665,98.96666666666665,107.2,105.76666666666667,4.613333333333333,608504.0,578713.0,197503.33333333334,3.594466666666667,5.3684666666666665,5.2162999999999995,486.52667199999996
2007-04-01,164522.0,97442.0,77524.0,39538.0,35262.0,28566.0,6647.0,-739.0,109966.0,70849.0,66708.0,5.8,717.3333333333334,,,19.666666666666668,40.333333333333336,6.0,36.666666666666664,43.666666666666664,-2.0,15.0,5.0,86.46333333333332,89.14333333333333,0.5666666666666668,0.5333333333333333,4.166666666666667,12.166666666666666,103.32316666666667,101.53989999999999,102.63733333333334,101.81203333333333,102.0299,100.57536666666665,102.0243,104.2,99.46666666666665,107.53333333333335,105.43333333333334,4.7,641579.3333333334,611564.6666666666,214203.66666666666,3.8203333333333336,5.3555,5.533799999999999,500.17332966666663
2007-07-01,165363.0,98457.0,77790.0,39711.0,34902.0,28185.0,6671.0,68.0,110945.0,71722.0,80804.0,4.8,666.6666666666666,,,22.0,38.666666666666664,10.666666666666666,40.333333333333336,36.666666666666664,6.666666666666667,17.0,8.666666666666666,87.56,90.26333333333334,0.06666666666666665,0.06666666666666665,5.333333333333333,12.266666666666666,104.85836666666667,101.20766666666667,102.9646,102.12180000000001,102.1938,100.71983333333333,102.49889999999999,104.56666666666666,100.2,107.93333333333334,105.76666666666667,4.8566666666666665,650027.6666666666,619553.3333333334,219983.0,4.0648333333333335,5.357900000000001,5.765533333333334,539.8033449999999
2007-10-01,167211.0,100533.0,78382.0,40098.0,35568.0,28930.0,6566.0,462.0,112805.0,73001.0,66750.0,5.5,651.3333333333334,,,18.333333333333332,28.333333333333332,12.0,34.0,23.0,10.333333333333334,17.333333333333332,8.0,87.2,89.89333333333333,0.09999999999999999,0.09999999999999999,4.866666666666666,12.633333333333333,104.5903,100.58306666666665,102.8856,102.08343333333333,102.00773333333332,100.61989999999999,102.4636,105.0,101.96666666666665,108.26666666666667,107.23333333333333,5.096666666666667,663085.0,631460.6666666666,217692.66666666666,4.5005,5.445433333333334,6.363466666666667,532.56665
2008-01-01,169474.0,110510.0,79065.0,40363.0,45712.0,39035.0,6516.0,-287.0,114653.0,74800.0,74070.0,7.0,615.3333333333334,,,2.3333333333333335,0.0,3.3333333333333335,8.0,-7.666666666666667,3.6666666666666665,9.333333333333334,-1.3333333333333333,87.59333333333332,90.29333333333334,-0.10000000000000002,-0.06666666666666667,5.7,13.233333333333334,102.84446666666668,100.44813333333333,102.31676666666665,101.73796666666668,101.70446666666668,100.34233333333333,101.99756666666667,105.93333333333334,103.3,108.93333333333334,108.2,5.213333333333334,664814.0,632576.0,214114.0,4.724766666666667,5.029333333333334,6.346033333333334,523.7333276666667
2008-04-01,170029.0,100512.0,78586.0,40985.0,35881.0,28954.0,6870.0,-28.0,114646.0,76035.0,71633.0,7.3,562.0,,,-2.6666666666666665,-9.666666666666666,2.0,-1.6666666666666667,-17.666666666666668,0.3333333333333333,8.0,-1.6666666666666667,88.31333333333333,90.92333333333333,0.6666666666666666,0.6,5.166666666666667,14.5,100.83783333333334,100.69183333333335,101.36356666666667,101.32983333333334,101.3198,100.11933333333333,101.29956666666668,107.7,105.36666666666667,110.53333333333335,110.3,5.180000000000001,657114.0,624710.6666666666,201911.66666666666,4.4799999999999995,3.262566666666667,5.733633333333334,443.429993
2008-07-01,170866.0,102085.0,79094.0,41033.0,36847.0,29903.0,6883.0,19.0,115501.0,76527.0,86052.0,6.5,519.6666666666666,,,-11.666666666666666,-27.0,-1.6666666666666667,-22.0,-32.666666666666664,-1.0,3.0,-6.666666666666667,89.58,92.17666666666666,0.20000000000000004,0.13333333333333333,0.9,6.366666666666667,98.34911333333334,100.65616666666666,100.06554999999999,100.65680000000002,100.33049666666666,99.80188,100.14362666666666,105.26666666666667,104.60000000000001,107.96666666666665,108.3,5.166666666666667,690577.6666666666,657217.6666666666,210045.33333333334,4.8604666666666665,2.750833333333334,5.891533333333332,462.33666
2008-10-01,170658.0,102389.0,79016.0,41274.0,36987.0,30160.0,6770.0,482.0,114881.0,77175.0,70434.0,5.5,563.0,,,-26.333333333333332,-50.666666666666664,-10.333333333333334,-53.333333333333336,-47.666666666666664,-7.333333333333333,-3.6666666666666665,-20.0,89.96333333333332,92.51333333333334,0.26666666666666666,0.23333333333333336,-0.8333333333333334,5.233333333333333,95.38324,99.67553666666667,98.26484333333333,99.02063333333335,98.22601666666667,98.54180333333333,98.21582000000001,104.43333333333334,104.13333333333333,106.93333333333334,106.8,5.473333333333334,684379.3333333334,650406.3333333334,203410.0,4.9818,2.9067666666666665,5.836333333333333,381.41334
2009-01-01,169531.0,99238.0,78905.0,41521.0,37426.0,30464.0,6938.0,36.0,110577.0,77727.0,77329.0,4.4,637.6666666666666,,,-25.666666666666668,-50.333333333333336,-9.666666666666666,-59.0,-41.666666666666664,-2.6666666666666665,-2.6666666666666665,-23.666666666666668,89.63333333333333,92.06666666666666,-0.43333333333333335,-0.5,-14.766666666666666,-13.700000000000001,93.67379,97.83574,96.28177666666666,96.45012000000001,95.54050333333333,96.50261,96.09654333333333,98.63333333333333,95.46666666666665,100.86666666666667,98.76666666666667,5.546666666666667,691484.6666666666,654861.3333333334,206045.66666666666,4.214666666666667,2.7223333333333333,4.5841,255.39333566666664
2009-04-01,163439.0,91522.0,77663.0,42588.0,33957.0,26861.0,7070.0,-1013.0,101613.0,77917.0,73094.0,2.3,865.3333333333334,,,-28.333333333333332,-59.666666666666664,-6.666666666666667,-72.66666666666667,-47.333333333333336,0.3333333333333333,-4.0,-17.333333333333332,90.04,92.28000000000002,0.6666666666666666,0.6,-24.433333333333334,-23.166666666666668,94.60343,96.45823666666666,95.50925666666666,94.89414333333333,94.37145666666667,95.72167,95.51214333333333,88.26666666666665,84.39999999999999,92.23333333333333,88.3,5.05,704372.6666666666,666531.3333333334,213745.66666666666,2.0117,1.2400333333333333,2.0882,228.46333333333334
2009-07-01,163443.0,91463.0,77289.0,43116.0,33306.0,26259.0,7041.0,-1344.0,102511.0,78266.0,87544.0,2.1,910.0,,,-22.333333333333332,-44.666666666666664,-7.333333333333333,-72.66666666666667,-16.666666666666668,-4.0,-3.6666666666666665,-15.333333333333334,91.02333333333333,93.3,-0.033333333333333326,0.03333333333333335,-18.5,-6.633333333333333,97.21884,96.72832999999999,96.51665666666668,95.39954333333333,95.62626333333333,97.01886999999999,96.83452333333332,86.10000000000001,85.23333333333333,89.46666666666665,88.23333333333333,4.71,721312.3333333334,682679.0,224438.0,1.3106333333333333,0.8473,1.3777333333333335,251.64000466666667
2009-10-01,164098.0,93700.0,77360.0,43357.0,33438.0,26022.0,7437.0,-1286.0,104857.0,77909.0,70807.0,0.8,867.6666666666666,,,-15.0,-28.666666666666668,-5.666666666666667,-67.0,9.333333333333334,-8.0,0.3333333333333333,-10.0,90.21666666666665,92.49333333333334,-0.10000000000000003,-0.10000000000000003,-13.866666666666667,-1.2666666666666664,99.89811666666667,97.83772666666668,98.20605333333333,96.95028666666667,98.00274999999999,99.16145333333334,98.74654,89.96666666666665,89.16666666666667,91.83333333333333,90.93333333333334,4.833333333333333,729723.3333333334,690570.6666666666,227595.33333333334,0.8692000000000001,0.4125666666666667,0.7934666666666668,296.93000266666667
2010-01-01,165087.0,96050.0,77348.0,43505.0,33790.0,26674.0,7142.0,-985.0,107336.0,77854.0,77595.0,0.6,847.3333333333334,,,-10.666666666666666,-19.666666666666668,-4.666666666666667,-59.0,19.666666666666668,-10.333333333333334,3.0,-6.666666666666667,90.46333333333332,92.75666666666666,-0.19999999999999998,-0.19999999999999998,-9.566666666666666,4.066666666666666,101.2025,98.87628666666666,99.59456999999999,98.41128333333332,99.71959333333332,100.74906666666668,100.08608333333332,93.60000000000001,92.83333333333333,94.63333333333333,93.43333333333334,4.826666666666667,736010.6666666666,696105.0,232420.0,0.7219000000000001,0.2680666666666667,0.5952333333333334,314.52998866666667
2010-04-01,164775.0,97461.0,77230.0,43443.0,31182.0,24305.0,6891.0,593.0,109745.0,76750.0,71808.0,-1.8,865.3333333333334,,,-5.333333333333333,-7.666666666666667,-3.6666666666666665,-44.666666666666664,29.0,-10.0,8.0,-9.333333333333334,90.83666666666666,92.95,0.6333333333333333,0.5666666666666667,-7.433333333333334,2.733333333333333,101.12336666666666,99.62029666666668,99.93811333333333,99.42655,100.724,101.53833333333334,100.65533333333333,96.03333333333335,95.5,96.53333333333335,95.46666666666665,4.726666666666667,739556.6666666666,699404.0,246093.0,0.6621666666666667,0.25633333333333336,0.6304333333333333,329.95332833333333
2010-07-01,165498.0,101043.0,77265.0,43517.0,31816.0,24719.0,7115.0,1041.0,112726.0,77634.0,86806.0,-1.0,790.3333333333334,,,-9.666666666666666,-11.333333333333334,-8.333333333333334,-31.0,8.333333333333334,-11.666666666666666,3.3333333333333335,-17.666666666666668,91.90666666666668,94.01666666666667,-0.06666666666666667,-0.10000000000000002,-3.3000000000000003,10.833333333333334,100.38946666666668,99.93878666666666,99.98698,99.66126000000001,101.56643333333334,101.50909999999999,100.66063333333334,100.06666666666666,99.43333333333334,100.03333333333335,99.53333333333335,4.569999999999999,756957.0,715913.6666666666,253494.0,0.6862666666666667,0.43566666666666665,0.6942333333333334,327.8066713333333
2010-10-01,166229.0,101756.0,77480.0,43627.0,31520.0,24860.0,6673.0,-142.0,115382.0,78086.0,70932.0,0.2,747.0,,,-8.666666666666666,-9.333333333333334,-8.333333333333334,-23.666666666666668,4.666666666666667,-9.666666666666666,1.0,-17.0,91.62333333333333,93.73,0.16666666666666666,0.13333333333333333,-3.4333333333333336,9.0,99.97041,99.97909333333332,100.608,99.55306333333333,102.26633333333332,101.1338,100.60426666666666,101.3,101.3,100.36666666666667,101.36666666666667,4.4366666666666665,764229.6666666666,722588.6666666666,255214.0,0.8749333333333333,0.3880666666666666,0.7326333333333332,327.166677
2011-01-01,168105.0,103501.0,77988.0,43650.0,30845.0,23983.0,6881.0,825.0,118246.0,79061.0,79182.0,2.0,761.0,,,-5.666666666666667,-1.0,-8.333333333333334,-15.0,12.666666666666666,-11.0,0.0,-13.333333333333334,91.99,94.13,-0.06666666666666667,-0.06666666666666667,-1.7333333333333334,7.3999999999999995,100.2305,100.06866666666667,101.62849999999999,99.90938666666666,102.7416,101.20986666666666,100.87489999999998,102.63333333333333,103.73333333333333,103.0,103.66666666666667,4.34,753521.0,711544.0,257780.33333333334,1.0204666666666666,0.29286666666666666,0.7422,339.736674
2011-04-01,169075.0,105127.0,77748.0,43435.0,33544.0,26429.0,7120.0,-219.0,119488.0,79203.0,74172.0,3.1,798.0,,,-1.0,9.333333333333334,-7.666666666666667,-6.333333333333333,24.666666666666668,-12.333333333333334,1.3333333333333333,-12.666666666666666,92.52999999999999,94.61333333333334,0.6000000000000001,0.5333333333333333,0.5333333333333333,6.1000000000000005,100.48933333333333,100.19173333333333,102.14693333333332,100.32823333333333,102.72559999999999,101.26173333333332,101.05233333333332,103.76666666666667,105.16666666666667,103.23333333333333,104.60000000000001,4.433333333333334,752132.6666666666,710250.3333333334,258076.33333333334,1.0931333333333333,0.3079,0.7926333333333333,365.1666666666667
2011-07-01,168924.0,103646.0,77724.0,43558.0,32691.0,25778.0,6914.0,-1035.0,119435.0,79615.0,89054.0,2.4,754.3333333333334,,,-4.0,2.6666666666666665,-8.666666666666666,-7.333333333333333,12.666666666666666,-14.0,2.3333333333333335,-14.666666666666666,93.85333333333334,95.88,0.033333333333333326,0.0,0.1333333333333333,11.533333333333333,100.516,100.07223333333333,101.8094,100.03819333333333,102.01696666666668,100.60506666666667,100.75323333333334,103.39999999999999,103.83333333333333,103.06666666666666,105.2,4.623333333333333,766575.3333333334,723904.3333333334,262691.6666666667,1.4116333333333333,0.2633,0.8231999999999999,349.676666
2011-10-01,168924.0,105434.0,77451.0,43364.0,32509.0,25866.0,6643.0,110.0,120748.0,79996.0,72848.0,2.5,765.0,,,-17.0,-27.333333333333332,-10.0,-32.666666666666664,-21.666666666666668,-13.666666666666666,-2.3333333333333335,-14.333333333333334,94.25333333333333,96.21,0.3666666666666667,0.3,-4.7,4.566666666666666,100.12982666666666,99.92754000000001,101.00169999999999,99.30904333333335,100.80843333333333,99.86126,100.14207666666668,104.2,106.0,103.46666666666665,105.83333333333333,4.626666666666666,778471.3333333334,734983.3333333334,263884.3333333333,1.5620666666666665,0.2977666666666667,0.8682666666666666,300.7766623333334
2012-01-01,167905.0,105039.0,77197.0,43265.0,32382.0,25846.0,6526.0,-149.0,120034.0,80622.0,81074.0,2.2,859.6666666666666,,,-35.0,-63.333333333333336,-16.0,-68.33333333333333,-59.333333333333336,-17.333333333333332,-13.0,-18.0,94.29666666666667,96.24333333333334,-0.19999999999999998,-0.19999999999999998,-5.8,0.4333333333333333,99.59084,99.86855333333334,100.20139999999999,99.32657666666667,99.98859333333333,99.57104,99.79178999999999,103.56666666666666,106.13333333333333,101.2,104.96666666666665,4.526666666666666,786752.0,742253.0,266951.3333333333,1.4955666666666667,0.4791666666666667,1.0144,306.549998
2012-04-01,167556.0,105835.0,77435.0,42914.0,31537.0,25218.0,6314.0,-240.0,121569.0,80398.0,75408.0,1.4,960.0,-15.566666666666668,-12.6,-36.333333333333336,-62.333333333333336,-19.0,-72.0,-52.666666666666664,-19.0,-16.333333333333332,-21.333333333333332,94.82333333333334,96.67999999999999,0.6000000000000001,0.5666666666666668,-5.233333333333333,1.4000000000000001,99.48877,99.90311333333334,99.87336666666666,99.84964000000001,99.84965666666666,99.55650333333334,99.80315,103.53333333333335,106.2,100.10000000000001,105.39999999999999,4.486666666666666,808534.0,764293.6666666666,267572.0,1.043,0.5141333333333333,1.0657333333333334,322.07667033333337
2012-07-01,167641.0,107475.0,76926.0,42879.0,31376.0,25219.0,6147.0,-100.0,123882.0,80969.0,90520.0,1.5,925.6666666666666,-15.633333333333333,-25.3,-34.333333333333336,-54.666666666666664,-20.666666666666668,-70.33333333333333,-39.333333333333336,-21.333333333333332,-17.666666666666668,-23.0,95.92333333333333,97.80333333333333,-0.06666666666666665,-0.09999999999999999,-7.6000000000000005,-1.8666666666666665,99.66617666666667,99.74834666666668,99.71085333333333,99.80882666666666,99.52943333333333,99.40641999999998,99.71254333333333,104.10000000000001,106.76666666666667,100.13333333333333,105.96666666666665,4.343333333333334,827424.0,782413.3333333334,280455.3333333333,0.6960333333333333,0.4663,0.9908999999999999,301.899994
2012-10-01,166921.0,107261.0,76595.0,42788.0,30536.0,24166.0,6371.0,80.0,123988.0,81101.0,74000.0,1.4,933.0,-16.166666666666668,-19.5,-30.666666666666668,-45.666666666666664,-20.666666666666668,-64.0,-27.0,-21.666666666666668,-16.333333333333332,-25.0,96.41333333333334,98.24000000000001,0.39999999999999997,0.3666666666666667,-7.366666666666667,0.2333333333333333,99.92067333333334,99.46288,99.22573333333332,99.59908,98.95012333333334,99.19955666666665,99.60695333333332,104.36666666666667,106.86666666666667,99.23333333333333,106.36666666666667,4.193333333333333,842337.0,796692.0,291706.0,0.35856666666666664,0.42393333333333333,0.7233666666666667,326.3099976666667
2013-01-01,165753.0,107770.0,75578.0,43098.0,29379.0,23104.0,6278.0,-649.0,125849.0,81256.0,81822.0,1.0,964.0,-18.96666666666667,-18.5,-33.333333333333336,-47.666666666666664,-24.0,-64.66666666666667,-31.0,-21.333333333333332,-21.666666666666668,-28.333333333333332,96.98,98.12,0.03333333333333332,-0.19999999999999998,-9.433333333333334,-4.633333333333334,100.2857,99.37739666666666,98.72849000000001,99.79014333333333,98.88552666666668,99.20899666666666,99.73766,102.96666666666665,105.7,97.89999999999999,105.16666666666667,4.073333333333333,823933.0,778221.6666666666,285404.0,0.19513333333333335,0.317,0.529,336.6733296666667
2013-04-01,166289.0,107138.0,75676.0,43081.0,28569.0,22518.0,6054.0,-108.0,125978.0,81462.0,76594.0,1.3,1090.0,-18.633333333333336,-27.333333333333332,-39.666666666666664,-59.666666666666664,-26.333333333333332,-76.0,-43.666666666666664,-26.666666666666668,-25.333333333333332,-27.0,97.63333333333333,98.19,0.6333333333333334,0.4333333333333334,-7.5,0.6333333333333335,100.74000000000001,99.82222333333334,98.47252333333334,100.18553333333334,99.35317333333334,99.38080000000001,100.02122333333334,103.23333333333335,106.8,98.16666666666667,105.43333333333334,4.036666666666666,823966.3333333334,778827.0,273415.3333333333,0.21146666666666666,0.2916666666666667,0.5097,347.6600036666667
2013-07-01,165988.0,108749.0,75637.0,42865.0,29486.0,23412.0,6071.0,482.0,125968.0,81285.0,90999.0,0.2,1090.3333333333333,-11.4,-13.733333333333334,-34.0,-45.666666666666664,-26.0,-71.33333333333333,-20.0,-34.0,-19.0,-24.666666666666668,98.56,99.07666666666667,-0.10000000000000002,-0.10000000000000002,-7.733333333333333,1.1666666666666667,101.06036666666667,100.5577,98.46889333333333,100.53373333333333,99.79980666666665,99.53762666666667,100.24326666666667,103.76666666666667,108.36666666666667,98.23333333333333,105.60000000000001,3.8033333333333332,814066.6666666666,767766.0,273894.0,0.20679999999999998,0.27499999999999997,0.5063666666666667,353.1200053333334
2013-10-01,166989.0,109703.0,75980.0,42922.0,30484.0,24362.0,6116.0,-197.0,127310.0,81247.0,74504.0,0.2,970.6666666666666,-7.2,-10.233333333333333,-32.666666666666664,-40.666666666666664,-26.666666666666668,-67.0,-15.0,-37.333333333333336,-16.333333333333332,-27.0,99.08666666666666,99.61333333333334,0.26666666666666666,0.26666666666666666,-4.366666666666666,5.866666666666667,101.28399999999999,101.1253,98.84228999999999,100.71236666666668,100.33523333333333,99.89893333333333,100.3832,104.8,108.56666666666666,99.36666666666667,106.5,3.6566666666666667,812580.3333333334,765528.3333333334,277693.6666666667,0.2235,0.2614,0.5129666666666667,369.22000133333336
2014-01-01,168049.0,112992.0,76307.0,42820.0,32445.0,26338.0,6096.0,289.0,129045.0,80608.0,81636.0,-0.6,998.6666666666666,-1.9666666666666668,-6.933333333333334,-17.666666666666668,-13.333333333333334,-20.333333333333332,-45.666666666666664,18.666666666666668,-32.666666666666664,-9.333333333333334,-20.0,98.49000000000001,99.01666666666667,-0.23333333333333336,-0.23333333333333336,-3.0,7.3999999999999995,101.21766666666667,101.44283333333334,99.11732333333333,100.73836666666666,100.7616,100.17076666666667,100.41123333333333,105.66666666666667,109.3,99.66666666666667,106.73333333333333,3.6199999999999997,794087.0,746167.0,275123.3333333333,0.2409,0.2413,0.5215333333333333,396.75333666666666
2014-04-01,167890.0,111444.0,75789.0,43167.0,29512.0,23622.0,5888.0,485.0,130192.0,81391.0,76619.0,-0.1,873.0,3.1,3.9333333333333336,-2.3333333333333335,12.666666666666666,-12.0,-15.666666666666666,41.0,-22.333333333333332,3.0,-16.333333333333332,98.70333333333333,98.87666666666667,0.3333333333333333,0.20000000000000004,-2.1666666666666665,9.133333333333333,100.84863333333334,101.19666666666667,99.07266,100.74953333333333,100.81076666666667,100.25916666666667,100.33496666666667,106.43333333333334,109.43333333333332,100.60000000000001,106.83333333333333,3.5500000000000003,789365.0,741238.0,276591.0,0.2951333333333333,0.23583333333333334,0.5213333333333333,396.20000200000004
2014-07-01,168873.0,111960.0,76070.0,43253.0,29255.0,23278.0,5969.0,386.0,131415.0,81665.0,91428.0,0.3,828.3333333333334,4.166666666666667,6.666666666666667,5.333333333333333,24.333333333333332,-8.0,4.666666666666667,44.333333333333336,-17.666666666666668,8.333333333333334,-15.0,99.53333333333335,99.71666666666665,-0.033333333333333326,0.0,-2.6333333333333333,7.3,100.45006666666666,100.52416666666666,98.81664666666666,100.89020000000001,100.41616666666665,100.46276666666667,100.28443333333333,107.16666666666667,110.10000000000001,101.10000000000001,107.3,3.4433333333333334,781086.0,731956.0,271744.3333333333,0.29856666666666665,0.22816666666666666,0.5327000000000001,406.969991
2014-10-01,169295.0,113940.0,76040.0,43257.0,29316.0,23483.0,5826.0,449.0,133926.0,82150.0,75480.0,1.2,781.3333333333334,1.9000000000000001,6.433333333333334,1.6666666666666667,17.333333333333332,-8.333333333333334,5.666666666666667,29.0,-16.0,4.0,-13.666666666666666,99.99666666666667,100.21333333333332,0.23333333333333336,0.23333333333333336,-1.9000000000000001,7.266666666666667,100.23663333333333,100.08896666666668,98.58461666666666,100.94866666666667,99.82626666666665,100.56886666666666,100.24253333333333,108.33333333333333,111.13333333333333,102.16666666666667,107.86666666666667,3.313333333333333,775763.6666666666,725632.0,268288.3333333333,0.16456666666666667,0.23429999999999998,0.5600999999999999,412.853343
2015-01-01,170811.0,115586.0,76885.0,42865.0,30223.0,24396.0,5824.0,384.0,135787.0,82903.0,84245.0,3.0,740.3333333333334,2.3666666666666667,0.7333333333333333,-1.6666666666666667,8.0,-8.333333333333334,-1.0,17.0,-15.666666666666666,0.0,-9.333333333333334,99.38,99.60000000000001,-0.3,-0.3,-0.033333333333333326,9.466666666666667,100.20616666666666,100.0317,98.79638999999999,100.85506666666667,99.56917,100.30716666666666,100.21496666666667,109.36666666666667,112.89999999999999,101.60000000000001,109.23333333333333,3.1733333333333333,811856.0,760622.0,311356.3333333333,0.08146666666666667,0.23629999999999998,0.5575666666666667,420.5499976666667
2015-04-01,171828.0,117815.0,77383.0,43095.0,23800.0,17543.0,6249.0,151.0,144930.0,81929.0,76969.0,0.6,737.3333333333334,3.8000000000000003,9.266666666666666,1.3333333333333333,11.333333333333334,-6.0,-1.6666666666666667,24.0,-14.333333333333334,1.0,-4.666666666666667,98.86333333333334,98.87,0.26666666666666666,0.19999999999999998,-1.0333333333333334,7.066666666666666,100.29646666666667,100.20983333333334,99.33894333333335,100.5894,99.79051666666668,99.82236666666665,100.17916666666667,110.96666666666665,112.8,104.03333333333335,109.23333333333333,3.0866666666666664,885912.6666666666,834007.6666666666,385366.3333333333,0.046033333333333336,0.26033333333333336,0.5635,474.57667066666664
2015-07-01,172357.0,150998.0,77836.0,43051.0,62153.0,55999.0,6167.0,455.0,140310.0,82361.0,91969.0,0.7,596.6666666666666,4.833333333333333,8.733333333333333,11.666666666666666,33.0,-2.6666666666666665,22.333333333333332,44.0,-11.0,3.6666666666666665,-0.6666666666666666,100.41000000000001,100.41333333333334,0.13333333333333333,0.13333333333333333,0.9333333333333332,10.533333333333333,100.49236666666667,100.42806666666667,99.73031333333334,100.24746666666665,100.0256,99.46983999999999,100.10676666666666,110.53333333333335,112.46666666666665,103.96666666666665,110.39999999999999,2.92,891459.6666666666,838260.0,391348.0,-0.006533333333333333,0.27940000000000004,0.5697666666666666,484.6633303333333
2015-10-01,172952.0,123682.0,77734.0,43032.0,32907.0,26704.0,6199.0,889.0,141979.0,82748.0,76026.0,0.9,529.6666666666666,6.033333333333334,9.6,12.333333333333334,32.0,-0.3333333333333333,25.333333333333332,38.333333333333336,-9.666666666666666,5.666666666666667,1.6666666666666667,100.73,100.72666666666667,0.10000000000000002,0.10000000000000002,1.5,10.866666666666667,100.10076,100.3488,99.98714,99.78783666666668,99.93833666666667,99.09165,99.80451,111.63333333333333,112.63333333333333,104.89999999999999,109.5,2.9,882075.6666666666,827814.6666666666,384460.0,-0.027800000000000002,0.3142,0.5844333333333332,453.8000083333333
2016-01-01,172980.0,126272.0,77900.0,43151.0,33782.0,27848.0,5933.0,1074.0,143289.0,83191.0,84550.0,0.4,582.3333333333334,7.133333333333333,14.6,13.0,28.666666666666668,2.6666666666666665,28.666666666666668,28.666666666666668,-8.0,7.0,9.333333333333334,99.99666666666667,99.98666666666668,-0.26666666666666666,-0.26666666666666666,0.5666666666666668,9.433333333333334,99.72032,100.01691000000001,100.19773333333335,99.35534,99.68186333333334,98.67172000000001,99.53068666666667,112.13333333333333,113.13333333333333,106.03333333333335,110.10000000000001,2.83,867248.3333333334,812482.3333333334,374313.3333333333,-0.08916666666666667,0.40853333333333336,0.5787,457.819997
2016-04-01,174567.0,125410.0,78061.0,43416.0,34408.0,28320.0,6089.0,514.0,143630.0,84148.0,79015.0,2.8,574.6666666666666,5.6000000000000005,9.933333333333334,6.333333333333333,14.666666666666666,1.0,16.0,13.333333333333334,-8.666666666666666,4.0,8.0,99.44,99.39333333333333,0.19999999999999998,0.16666666666666663,0.16666666666666666,8.333333333333334,99.72547666666667,99.77541333333333,100.19653333333333,99.11377333333333,99.48066,98.56309,99.42083666666667,112.66666666666667,112.76666666666667,107.7,110.73333333333333,2.7566666666666664,884085.0,829288.0,387137.0,-0.18606666666666669,0.6247666666666667,0.5895666666666667,432.8866576666667
2016-07-01,174979.0,126679.0,78005.0,43505.0,35615.0,29391.0,6220.0,742.0,143627.0,84855.0,94463.0,2.9,508.3333333333333,4.766666666666667,10.033333333333333,8.0,16.666666666666668,2.0,18.666666666666668,14.666666666666666,-4.666666666666667,1.0,9.333333333333334,100.41333333333334,100.33666666666666,0.0,0.0,1.7333333333333334,9.700000000000001,100.08067,99.68918333333333,99.94313666666666,99.08220999999999,99.46431666666666,98.94260000000001,99.51976666666667,112.83333333333333,113.33333333333333,106.5,111.13333333333333,2.64,886155.3333333334,830709.6666666666,393136.0,-0.2581,0.6430333333333333,0.5842666666666666,441.143331
2016-10-01,176935.0,127265.0,78680.0,43706.0,35624.0,29468.0,6157.0,1235.0,145014.0,85559.0,78596.0,3.5,438.0,4.033333333333334,4.3,10.0,22.0,2.0,23.333333333333332,20.666666666666668,-4.0,0.3333333333333333,9.0,100.73666666666666,100.65666666666668,0.10000000000000002,0.10000000000000002,1.0999999999999999,8.666666666666666,100.51593333333334,99.76997666666666,99.90775666666667,99.16418666666668,99.60013333333335,99.46064000000001,99.72852333333333,113.86666666666667,113.63333333333333,107.5,111.36666666666667,2.5566666666666666,882488.0,826021.6666666666,377960.3333333333,-0.2981,0.7854000000000001,0.4332,452.179993
2017-01-01,178417.0,128597.0,79579.0,44023.0,35772.0,29547.0,6226.0,806.0,146881.0,86013.0,87168.0,3.4,463.0,8.166666666666666,10.4,19.333333333333332,36.666666666666664,7.666666666666667,38.0,36.0,0.0,6.333333333333333,17.0,100.67666666666666,100.61333333333334,0.06666666666666667,0.06666666666666667,1.7666666666666666,11.933333333333332,100.81596666666667,100.04974666666665,100.33816666666667,99.52011,99.93597666666666,100.01050666666667,100.00635,114.16666666666667,115.56666666666666,108.0,112.5,2.4033333333333333,890519.6666666666,833273.6666666666,374680.0,-0.3125,0.9208333333333334,0.3895,464.3233333333333
2017-04-01,179353.0,131206.0,79426.0,43690.0,35768.0,29568.0,6200.0,693.0,151058.0,86622.0,81322.0,3.0,436.6666666666667,10.1,12.966666666666667,22.333333333333332,43.666666666666664,7.666666666666667,46.0,42.0,-0.6666666666666666,8.0,16.0,100.96,100.85333333333334,0.19999999999999996,0.2333333333333333,3.5666666666666664,12.733333333333334,100.9961,100.33826666666666,100.82323333333333,99.85197,100.41283333333332,100.44093333333335,100.27263333333333,115.23333333333333,116.86666666666667,108.89999999999999,113.10000000000001,2.39,906194.6666666666,848885.6666666666,356079.0,-0.32780000000000004,1.0683333333333334,0.3547666666666667,496.1999916666667
2017-07-01,180933.0,133820.0,80074.0,43911.0,36160.0,30119.0,6036.0,1001.0,153536.0,87828.0,97575.0,3.3,400.3333333333333,8.1,9.733333333333333,24.0,46.333333333333336,9.333333333333334,48.333333333333336,44.0,0.0,10.0,17.333333333333332,101.66666666666667,101.57666666666667,-0.033333333333333326,0.0,4.366666666666667,13.233333333333334,101.1902,100.57063333333333,101.16826666666667,99.92171666666667,100.90393333333334,100.57006666666666,100.51916666666666,117.56666666666666,118.33333333333333,110.33333333333333,114.93333333333334,2.42,894539.6666666666,836171.6666666666,344322.3333333333,-0.3299666666666667,1.2024,0.31326666666666664,517.450002
2017-10-01,182214.0,137013.0,80839.0,44292.0,37809.0,31461.0,6349.0,467.0,155802.0,88590.0,81331.0,3.6,355.6666666666667,9.633333333333333,8.933333333333334,24.666666666666668,46.333333333333336,10.666666666666666,51.0,40.666666666666664,3.0,10.333333333333334,18.666666666666668,102.13666666666666,102.07666666666667,0.2333333333333333,0.2333333333333333,4.5,13.5,101.08343333333333,100.6477,101.37233333333334,100.05677333333334,101.277,100.65326666666665,100.7187,119.13333333333333,119.5,111.96666666666665,116.0,2.42,885767.6666666666,826666.3333333334,349545.6666666667,-0.3296333333333334,1.3150000000000002,0.29446666666666665,526.1799926666666
2018-01-01,183554.0,138631.0,80732.0,44394.0,37786.0,31328.0,6458.0,1557.0,157748.0,89783.0,90914.0,4.3,347.3333333333333,11.266666666666666,10.200000000000001,23.333333333333332,43.0,10.666666666666666,46.666666666666664,39.333333333333336,1.6666666666666667,10.333333333333334,20.333333333333332,102.04666666666667,101.98333333333333,-0.03333333333333333,-0.03333333333333333,6.366666666666667,15.066666666666668,100.42443333333334,100.64103333333333,101.4497,100.41456666666666,101.47963333333333,100.71229999999998,100.7683,120.46666666666665,120.76666666666667,113.2,118.0,2.4033333333333333,883378.0,823690.6666666666,350836.3333333333,-0.32880000000000004,1.4656,0.4732,546.0233356666666
2018-04-01,184483.0,140434.0,81758.0,44638.0,38121.0,31908.0,6214.0,1190.0,159188.0,90797.0,85436.0,5.0,362.0,11.433333333333332,9.5,23.666666666666668,44.0,10.333333333333334,47.666666666666664,40.666666666666664,0.0,9.666666666666666,21.0,102.2,101.89,0.20000000000000004,0.06666666666666667,6.933333333333334,18.533333333333335,99.69731333333334,100.62426666666666,101.23796666666665,100.76183333333334,101.37060000000001,100.42756666666666,100.65883333333333,120.96666666666665,121.33333333333333,112.89999999999999,117.7,2.3833333333333333,880626.0,820908.0,344578.3333333333,-0.32830000000000004,1.9273666666666667,0.5646333333333333,541.8733523333334
2018-07-01,185684.0,141345.0,82086.0,44746.0,38393.0,32087.0,6306.0,976.0,160831.0,91657.0,101651.0,4.1,350.3333333333333,8.666666666666666,7.233333333333333,23.666666666666668,44.333333333333336,10.0,52.0,36.666666666666664,-0.6666666666666666,9.666666666666666,21.0,103.21,102.78333333333335,0.19999999999999998,0.16666666666666666,5.766666666666667,16.2,99.24781,100.6424,100.75763333333333,100.83686666666667,101.04923333333333,100.06820333333333,100.419,120.96666666666665,122.5,113.46666666666665,118.2,2.41,887914.3333333334,827308.3333333334,343804.0,-0.3252333333333333,2.338433333333333,0.6803,553.4199829999999
2018-10-01,185904.0,142079.0,81933.0,44805.0,37361.0,30933.0,6425.0,1041.0,162854.0,93235.0,85695.0,5.3,337.3333333333333,8.200000000000001,6.733333333333333,20.666666666666668,39.0,9.0,48.333333333333336,30.0,0.0,8.333333333333334,18.0,104.21,103.73333333333333,0.26666666666666666,0.26666666666666666,3.8333333333333335,10.833333333333334,98.83516333333334,100.6013,100.00946333333333,100.61326666666666,100.77173333333333,99.67562333333332,100.04600666666666,121.03333333333335,122.46666666666665,113.53333333333335,117.53333333333335,2.4033333333333333,881070.3333333334,819202.6666666666,336255.3333333333,-0.31949999999999995,2.3373666666666666,0.7841,560.763326
2019-01-01,186810.0,141478.0,82163.0,45163.0,38893.0,32229.0,6662.0,984.0,161084.0,94180.0,95406.0,4.9,359.0,8.033333333333333,6.333333333333333,12.333333333333334,23.0,4.666666666666667,32.0,14.333333333333334,-3.3333333333333335,3.6666666666666665,14.0,104.12,103.62333333333333,0.03333333333333333,-0.03333333333333333,4.233333333333333,12.200000000000001,98.47023,100.45016666666668,99.36285666666667,100.08082333333334,100.3478,99.01082666666667,99.63775666666668,121.8,122.3,113.86666666666667,117.89999999999999,2.4033333333333333,883034.3333333334,820743.6666666666,340962.3333333333,-0.3153333333333333,2.6325,0.8617333333333334,508.6533406666667
2019-04-01,188357.0,143720.0,82330.0,45816.0,39696.0,33069.0,6627.0,2146.0,162054.0,95642.0,90087.0,5.5,364.6666666666667,3.8333333333333335,2.4,-1.3333333333333333,0.0,-2.6666666666666665,13.0,-13.0,-7.0,-2.0,2.3333333333333335,104.79666666666667,103.29666666666667,0.4666666666666666,0.13333333333333333,3.233333333333333,9.6,98.29348333333333,100.20523333333334,99.40155333333333,99.48156,99.71609000000001,98.46803,99.36655,121.66666666666667,121.93333333333334,114.60000000000001,118.56666666666666,2.4066666666666667,881103.6666666666,816944.0,341770.3333333333,-0.3085333333333333,2.6855333333333333,0.8788,536.8866576666666
2019-07-01,188917.0,146040.0,82764.0,45858.0,40519.0,33823.0,6695.0,1397.0,164389.0,96721.0,106959.0,5.3,363.0,2.8000000000000003,2.0666666666666664,-2.3333333333333335,-1.0,-3.0,8.333333333333334,-10.333333333333334,-10.0,-1.3333333333333333,2.0,105.95333333333333,104.42999999999999,0.16666666666666666,0.16666666666666666,2.066666666666667,6.8,98.25367999999999,100.00763333333333,99.67544333333332,99.08594333333333,99.05578000000001,98.16112333333335,99.19456333333333,120.83333333333333,121.56666666666666,113.63333333333333,117.36666666666667,2.313333333333333,897642.6666666666,832292.6666666666,353180.6666666667,-0.3171,2.5062333333333333,0.8039333333333333,557.949992
2019-10-01,189317.0,146611.0,82495.0,46236.0,41059.0,34487.0,6570.0,1733.0,164389.0,97598.0,89715.0,4.7,360.6666666666667,1.0,4.0,-0.6666666666666666,0.6666666666666666,-1.0,10.0,-8.666666666666666,-8.0,-0.3333333333333333,5.0,106.99000000000001,105.45666666666666,0.26666666666666666,0.26666666666666666,1.3,7.2,98.17904333333333,99.72375666666666,99.84998666666667,98.86346666666667,98.60815333333335,97.88868000000001,99.06634000000001,121.3,121.46666666666665,112.93333333333334,116.8,2.1966666666666668,916223.3333333334,849902.6666666666,364410.3333333333,-0.3967333333333333,2.1945666666666668,0.7689666666666667,570.2233276666666
2020-01-01,190400.0,146478.0,83251.0,46378.0,40868.0,34604.0,6260.0,1214.0,165110.0,98891.0,100322.0,5.1,371.0,-0.19999999999999996,2.3666666666666667,-1.6666666666666667,-6.0,1.3333333333333333,4.333333333333333,-16.333333333333332,-5.666666666666667,3.0,6.0,106.89666666666666,105.37333333333333,0.03333333333333333,0.03333333333333333,0.4666666666666666,6.466666666666666,98.08685666666668,99.27569,99.97384666666666,98.98014333333333,98.74859,97.91609666666666,99.08938,119.83333333333333,122.06666666666666,111.90000000000002,117.26666666666667,2.1666666666666665,915838.6666666666,848366.0,372745.0,-0.40296666666666664,1.9299333333333333,0.7893333333333333,592.8333333333334
2020-04-01,187876.0,144125.0,81315.0,46592.0,41128.0,34478.0,6649.0,-561.0,163488.0,100272.0,94217.0,5.0,361.0,-4.433333333333334,-1.1333333333333335,-2.3333333333333335,-7.333333333333333,1.3333333333333333,6.0,-20.333333333333332,-3.6666666666666665,4.0,3.3333333333333335,106.48666666666666,105.08666666666666,-1.850371707708594e-17,0.03333333333333335,-0.5666666666666668,4.933333333333334,89.85368999999999,98.48747333333334,98.68951,98.59465999999999,97.87676333333333,97.80821333333334,96.19208333333334,116.93333333333334,119.0,108.8,113.13333333333333,1.9366666666666665,930806.3333333334,862267.3333333334,382466.0,-0.40553333333333336,1.5336666666666667,0.6718999999999999,537.4400023333334
2020-07-01,172195.0,130483.0,72219.0,45604.0,37215.0,30440.0,6783.0,1053.0,146475.0,98593.0,103450.0,1.6,370.3333333333333,-42.800000000000004,-14.233333333333334,-27.0,-45.0,-15.0,-29.333333333333332,-60.666666666666664,5.0,-14.333333333333334,-35.333333333333336,107.34333333333335,105.78666666666668,0.2333333333333333,0.10000000000000002,-26.099999999999998,-36.5,94.95772,97.21162666666667,93.37555666666667,94.42609,93.70311333333332,96.73303,93.10653,103.43333333333334,99.16666666666667,92.10000000000001,91.5,1.88,982744.6666666666,910745.0,416311.0,-0.3007,0.6013666666666667,0.3858,535.0733233333334
2020-10-01,183174.0,138606.0,78290.0,47453.0,39460.0,32710.0,6751.0,-431.0,156943.0,100318.0,90201.0,2.8,251.66666666666666,-2.0,3.6666666666666665,-27.666666666666668,-55.666666666666664,-9.666666666666666,-71.66666666666667,-39.666666666666664,-3.3333333333333335,-2.6666666666666665,-22.333333333333332,108.23333333333333,106.56,0.13333333333333336,0.13333333333333336,-8.866666666666667,5.233333333333333,100.46003333333333,98.22109,98.27619333333332,98.29724333333333,98.98990333333332,98.79508333333332,98.85034666666667,116.06666666666666,115.33333333333333,105.83333333333333,110.16666666666667,1.88,994562.0,920835.0,425827.6666666667,-0.47173333333333334,0.2525,0.0756,547.3966673333333
2021-01-01,184339.0,141956.0,78098.0,47470.0,40139.0,33006.0,7138.0,-54.0,160587.0,103541.0,101221.0,5.0,227.66666666666666,-14.700000000000001,-7.566666666666666,-25.0,-51.333333333333336,-7.333333333333333,-72.33333333333333,-30.0,-7.0,3.0,-18.666666666666668,107.97666666666667,106.32,-0.03333333333333335,-1.850371707708594e-17,-5.766666666666667,2.1,101.88096666666667,99.09834666666666,98.85814333333333,99.50356,99.75295999999999,99.97064999999999,100.20285666666666,121.93333333333334,121.43333333333334,109.93333333333334,115.26666666666667,1.8533333333333335,994217.6666666666,918872.3333333334,430776.6666666667,-0.5227,0.22529999999999997,0.042966666666666674,588.1700033333333
2021-04-01,186584.0,144548.0,75234.0,48202.0,40950.0,34047.0,6901.0,851.0,165978.0,101954.0,92979.0,1.9,194.0,-4.2,-5.733333333333333,-18.666666666666668,-39.666666666666664,-5.0,-73.33333333333333,-6.0,-5.666666666666667,7.333333333333333,-16.666666666666668,108.35333333333334,106.55666666666666,0.3333333333333333,0.3,-1.2666666666666666,8.866666666666667,102.03223333333334,99.90796,99.48943333333334,100.64653333333332,100.80676666666666,101.5825,100.91359999999999,123.39999999999999,123.13333333333333,110.83333333333333,115.93333333333334,1.7733333333333334,997851.3333333334,920934.0,439194.0,-0.5424666666666668,0.20120000000000002,0.054933333333333334,662.7399903333334
2021-07-01,192238.0,146343.0,80198.0,49412.0,40541.0,33735.0,6803.0,-9.0,168632.0,103911.0,111963.0,5.1,181.0,14.5,17.53333333333333,-8.666666666666666,-22.333333333333332,0.6666666666666666,-62.333333333333336,17.666666666666668,-0.3333333333333333,10.333333333333334,-7.0,109.49666666666667,107.66666666666667,0.26666666666666666,0.23333333333333336,5.666666666666667,16.133333333333336,101.36506666666666,100.55239999999999,100.80380000000001,101.31433333333332,102.2349,102.62186666666666,101.34773333333334,125.43333333333334,123.53333333333335,113.5,116.89999999999999,1.6966666666666665,1019397.6666666666,940752.6666666666,455256.6666666667,-0.5404,0.15683333333333335,0.0832,715.480001
2021-10-01,196201.0,150347.0,83982.0,49241.0,40301.0,33666.0,6628.0,926.0,172267.0,105703.0,95883.0,5.4,152.0,13.799999999999999,6.8999999999999995,-5.0,-9.666666666666666,-1.6666666666666667,-37.666666666666664,18.0,-2.0,8.666666666666666,-11.0,110.57666666666667,108.73333333333333,0.3333333333333333,0.3333333333333333,8.466666666666667,16.03333333333333,100.26709666666666,100.69076666666666,101.62646666666667,101.23073333333333,102.81363333333333,103.22503333333333,101.16973333333334,125.2,122.66666666666667,112.83333333333333,116.26666666666667,1.6633333333333333,1040387.0,959836.6666666666,471527.6666666667,-0.5458,0.126,0.07213333333333334,771.2899983333333
2022-01-01,197575.0,148510.0,84038.0,49649.0,40748.0,34047.0,6692.0,1002.0,171049.0,107750.0,107757.0,4.0,182.66666666666666,5.2,1.933333333333333,-18.666666666666668,-27.666666666666668,-12.666666666666666,-39.666666666666664,-16.666666666666668,-12.333333333333334,-2.3333333333333335,-22.333333333333332,113.12,111.24000000000001,0.9666666666666667,0.9666666666666667,9.266666666666667,16.566666666666666,99.26001000000001,100.61296666666665,101.71,101.08466666666668,102.44510000000001,103.06323333333334,100.7999,129.96666666666667,126.43333333333334,120.10000000000001,119.26666666666667,1.6499999999999997,1066934.0,984986.3333333334,499527.3333333333,-0.5663999999999999,0.16423333333333334,0.14856666666666665,795.4099936666667
2022-04-01,198597.0,151432.0,84684.0,49407.0,40462.0,33921.0,6533.0,1451.0,174330.0,109971.0,103207.0,8.2,181.33333333333334,4.3999999999999995,-2.6333333333333333,-32.333333333333336,-49.0,-21.333333333333332,-58.666666666666664,-39.666666666666664,-21.0,-11.0,-31.333333333333332,116.42,115.5,1.5666666666666667,1.8666666666666665,6.0,10.566666666666666,98.46955333333334,100.58216666666665,101.14316666666667,100.80193333333334,101.70913333333333,102.57690000000001,100.25223333333334,132.16666666666666,126.0,119.86666666666667,120.16666666666667,1.7033333333333331,1077571.3333333333,993415.6666666666,509057.0,-0.529,0.5085333333333334,0.7847,736.3733316666667
2022-07-01,201974.0,153057.0,85763.0,49686.0,41715.0,35320.0,6398.0,112.0,178134.0,111316.0,122153.0,6.8,180.33333333333334,-3.5,-9.866666666666667,-48.333333333333336,-68.66666666666667,-34.666666666666664,-76.0,-61.333333333333336,-34.333333333333336,-20.0,-49.333333333333336,119.30333333333333,118.71333333333332,-0.09999999999999999,0.0,5.733333333333333,9.766666666666667,97.76740333333333,100.52883333333334,100.12602666666668,100.08877666666667,100.63956666666667,101.30406666666666,99.55584666666668,133.29999999999998,126.36666666666667,122.93333333333334,122.0,2.0466666666666664,1113444.6666666667,1026891.3333333334,532548.6666666666,-0.3576,1.5117666666666665,1.3417333333333332,694.3633216666667
2022-10-01,202347.0,153794.0,86593.0,49990.0,41310.0,34784.0,6483.0,504.0,177949.0,114163.0,104969.0,8.0,179.33333333333334,-9.700000000000001,-17.766666666666666,-54.666666666666664,-74.66666666666667,-41.333333333333336,-85.66666666666667,-64.0,-42.0,-25.0,-57.666666666666664,124.13666666666666,124.65333333333332,2.1666666666666665,2.533333333333333,2.966666666666667,7.266666666666667,97.44034666666666,100.37963333333333,99.41579,99.31953333333333,99.60962666666667,99.66642999999999,98.98575,133.9,129.66666666666666,124.66666666666667,123.96666666666665,2.6366666666666667,1149647.0,1063823.3333333333,552799.3333333334,0.4807333333333333,3.004,2.3264666666666667,683.456665
2023-01-01,203572.0,154851.0,87547.0,50531.0,41991.0,35651.0,6305.0,-481.0,179048.0,116243.0,118114.0,7.9,269.6666666666667,-14.766666666666667,-28.3,-55.666666666666664,-70.66666666666667,-45.666666666666664,-87.0,-54.666666666666664,-48.666666666666664,-26.333333333333332,-61.333333333333336,125.84666666666665,126.36333333333333,-0.4666666666666666,-0.5666666666666665,1.0,7.833333333333333,97.82631666666667,100.12223333333334,99.07188333333333,98.93025,99.32882333333333,98.72588333333333,98.86036666666666,131.66666666666666,128.20000000000002,122.56666666666666,124.10000000000001,3.23,1151814.0,1066877.0,540543.0,1.7721333333333333,4.509666666666667,3.5632333333333333,694.5766603333333
2023-04-01,202568.0,154500.0,87129.0,50828.0,42853.0,36376.0,6464.0,-1521.0,178476.0,118577.0,112697.0,8.0,269.6666666666667,-4.766666666666667,-10.933333333333332,-44.0,-54.666666666666664,-37.0,-79.66666666666667,-29.0,-43.333333333333336,-10.666666666666666,-57.0,124.12666666666667,123.21,-0.06666666666666664,-0.39999999999999997,0.9666666666666668,9.6,98.82487333333334,99.99306333333334,98.83997333333332,98.81955333333333,99.70040666666667,98.38251000000001,99.14771333333333,129.1,126.2,118.76666666666667,120.89999999999999,3.546666666666667,1129828.0,1046087.0,500598.3333333333,2.631933333333333,4.914933333333334,4.1824666666666666,751.4333293333333
2023-07-01,201838.0,154145.0,85839.0,51411.0,42889.0,36389.0,6550.0,318.0,176167.0,120300.0,131673.0,7.9,295.0,-3.233333333333333,-6.966666666666666,-38.0,-51.666666666666664,-29.0,-74.0,-28.666666666666668,-32.666666666666664,-4.0,-50.666666666666664,126.03333333333335,125.12333333333333,0.3,0.26666666666666666,-1.5666666666666667,6.966666666666666,99.78064333333333,100.05776666666667,98.70109333333333,98.96714000000001,99.56885666666666,98.11696,99.52220666666666,128.06666666666666,124.83333333333333,118.5,119.5,3.796666666666667,1132103.0,1047876.0,480572.6666666667,3.3564333333333334,5.385166666666667,4.781533333333333,760.4299923333334
2023-10-01,201349.0,149943.0,85656.0,52086.0,41816.0,35084.0,6640.0,-727.0,172567.0,122408.0,112442.0,7.2,301.3333333333333,-5.366666666666667,-7.933333333333334,-39.333333333333336,-55.666666666666664,-28.666666666666668,-74.66666666666667,-37.0,-29.333333333333332,-5.0,-51.666666666666664,127.33,126.02666666666666,0.3333333333333333,0.26666666666666666,-3.733333333333333,4.366666666666666,100.4753,100.10736666666666,98.77653666666667,99.26236,99.13745333333334,97.91619333333334,99.80056333333334,126.2,125.10000000000001,115.36666666666667,118.2,3.9933333333333336,1126884.0,1042721.6666666666,455844.0,3.777366666666667,5.629533333333334,5.512466666666666,754.8033243333333
2024-01-01,202061.0,150288.0,87255.0,52436.0,41058.0,34528.0,6487.0,-1053.0,172475.0,124645.0,127017.0,7.4,333.3333333333333,-5.033333333333333,-5.2,-33.333333333333336,-48.0,-24.0,-67.33333333333333,-28.0,-27.333333333333332,-1.0,-42.666666666666664,126.86000000000001,125.54333333333334,-0.19999999999999998,-0.20000000000000004,-4.0,3.6999999999999997,100.94260000000001,99.96777333333334,99.00986,99.45893666666666,99.13313666666666,97.9871,100.00757666666668,125.3257575731589,126.23216782979044,112.60407925256136,118.01841491605275,4.023333333333333,1121555.3333333333,1037729.0,441611.0,3.957433333333333,5.6422,5.365966666666666,756.819987
2024-04-01,,,,,,,,,,,,,405.6644367369319,-2.1333333333333333,-4.166666666666667,-25.666666666666668,-38.333333333333336,-17.0,-52.333333333333336,-24.333333333333332,-16.666666666666668,2.6666666666666665,-36.333333333333336,127.88,126.00333333333333,0.5666666666666667,0.4333333333333333,-4.466666666666667,3.2999999999999994,101.4773,99.81411333333334,99.30182333333333,99.85380666666667,99.40681666666667,98.5699,100.36706666666667,125.1318181583337,126.48951046809366,112.73671327266328,118.66573424447972,3.939971174379343,1102891.8619384898,1018427.6545989563,416798.6770094742,3.9236333333333335,5.5807,5.322633333333333,849.4766843333333
2024-07-01,,,,,,,,,,,,,403.6492709844768,-2.585616478543198,-6.95862996211544,-18.879038907924137,-31.62290143102895,-11.915946370143317,-33.0849456096388,-27.44226598101082,-8.687421871428459,4.006593406209737,-31.58616484779716,128.91375070691186,126.99059384675124,0.3525026943847754,0.3394160336306025,-4.804255323357416,3.602771206950601,101.70536676215292,99.82458999940692,99.3980214930372,100.14667181152,99.6244126219755,99.07498999993324,100.51433538345086,125.48636359719072,126.88251744681595,112.96118878764244,118.97622374080125,3.8598270458500825,1107056.8254288095,1022384.492558701,403804.90006564057,3.9275968081313417,5.586844390797463,5.314040462837991,881.030029
