,gdp_total,imports_goods_services,household_cons,gov_consumption,investments,gpd_invest_business_households,gov_invest,change_supply,exports_goods_services,BeloningSeizoengecorrigeerd_2,Loonkosten_7,BeloningVanWerknemers_8,Bankruptcies,BusinessOutlook_Industry,BusinessOutlook_Retail,Consumentenvertrouwen_1,EconomischKlimaat_2,Koopbereidheid_3,EconomischeSituatieLaatste12Maanden_4,EconomischeSituatieKomende12Maanden_5,FinancieleSituatieLaatste12Maanden_6,FinancieleSituatieKomende12Maanden_7,GunstigeTijdVoorGroteAankopen_8,CPI_1,CPIAfgeleid_2,MaandmutatieCPI_3,MaandmutatieCPIAfgeleid_4,ProducerConfidence_1,ExpectedActivity_2,CHN,JPN,FRA,USA,DEU,CAN,G20,IMP_advanceEconomies,EXP_advancedEconomies,IMP_EuroArea,Exp_EuroArea,InterestRatesNLD,M3_1,M3_2,M1,EA,US,UK,AEX_close
4/1/1996,120719,49605,60203,27837,24149,19564,4555,853,56936,42764,47685,4,-19,,,-0.666666667,-10.33333333,5,-11,-9.666666667,3.666666667,10.33333333,1.333333333,68.78,73.07,0.533333333,0.533333333,-2.4,9.166666667,101.3427333,101.9967,98.53493333,98.92553333,99.17585667,98.65109333,100.1188,,,,,,1726.666667,1645,880,5.45,5.386866667,6.156633333,7.747573667
7/1/1996,122410,50984,60857,28075,24906,20299,4567,799,58409,43266,40482,3.7,4.333333333,,,4.333333333,-1.666666667,8,-4,0.333333333,6,15.33333333,3.666666667,68.82333333,73.11666667,-0.133333333,-0.1,-2.333333333,6.5,103.1925333,102.3022,98.46073333,99.39226667,99.29652,99.40494333,100.4391,,,,,,1817.666667,1765,1335.666667,5.066666667,5.569266667,5.957666667,-2.854288667
10/1/1996,123280,52800,61743,28262,26077,21296,4736,447,59372,43911,42792,3.3,33.33333333,,,12.66666667,14.66666667,11.33333333,10.66666667,18.33333333,8.333333333,20,6,69.21666667,73.55,0.333333333,0.333333333,-1.166666667,8.7,104.7342,102.3740333,98.15697333,99.64829333,99.68667333,99.94962667,100.6466667,,,,,,-45.33333333,26,-0.666666667,4.876666667,5.562633333,5.906566667,6.245559667
1/1/1997,124625,54295,62386,28552,25593,21100,4443,197,61933,44418,42212,6,-4.666666667,,,15.33333333,22.33333333,10,21.66666667,23.33333333,7.333333333,19.33333333,4,69.42333333,73.71666667,-0.033333333,-0.1,-0.3,9.966666667,103.9811667,102.0627667,97.94152333,99.89691667,100.0195167,100.4599333,100.7048333,,,,,,1956.333333,1924.666667,1428.666667,4.486666667,5.5403,6.410766667,14.92338067
4/1/1997,125922,56102,62840,28685,26204,21569,4581,905,63156,45030,50102,5.3,-22,,,20.66666667,29,15.33333333,31,27,13,21.33333333,10.66666667,69.97,74.16333333,0.366666667,0.333333333,1,11.23333333,102.2977,101.5283,98.31796333,100.2620667,100.3452333,100.9771,100.7742667,,,,,,1527.333333,1474,259.3333333,4.44,5.6597,6.349,13.25952133
7/1/1997,127752,57170,63466,28955,26083,21382,4652,1214,64893,45652,42545,5.4,7.333333333,,,24.33333333,33.66666667,18.33333333,38.33333333,28.33333333,15.66666667,24,14.66666667,70.21,74.41666667,0,0.033333333,2.2,10.16666667,100.18105,100.9155,98.9309,100.6752667,100.6701,101.4643667,100.7325667,,,,,,2153,2061.666667,1161,4.296666667,5.786033333,6.746033333,33.27584833
10/1/1997,129391,58403,64332,29204,26246,21573,4620,1806,65924,46602,45168,5.8,1.666666667,,,24.33333333,32.33333333,19.66666667,37.33333333,27,17.66666667,24.33333333,17,70.88333333,75.16333333,0.433333333,0.433333333,3.9,11.5,98.35738,99.94826,99.45758667,100.9348333,100.9227667,101.4511,100.4684333,,,,,,287.6666667,355,-119.3333333,4.37,5.7385,7.298833333,-18.72003167
1/1/1998,131136,59925,65113,29664,27592,22741,4790,2432,66140,47568,45270,7.5,-27.33333333,,,25.66666667,33.66666667,20.33333333,39.66666667,28.66666667,19,26.33333333,15.33333333,70.94333333,75.17333333,-0.2,-0.3,3.5,9.1,97.55169667,98.79559333,99.83190667,100.9306,100.9804333,100.9643,100.0042367,,,,,,4412,4405.333333,1974,4.373333333,5.799,7.643166667,14.68137633
4/1/1998,132075,60317,66323,29909,27132,22427,4643,1136,67720,48127,53415,6.8,29,,,29.66666667,40.33333333,22.66666667,48,32.66666667,21,27.33333333,20,71.56333333,75.70333333,0.566666667,0.533333333,2.766666667,9.566666667,97.69944333,97.87976667,100.3517333,100.7002,100.8804667,100.27103,99.53898,,,,,,3301,3290,1300,4.146666667,5.6693,7.548666667,25.86407467
7/1/1998,133202,61585,67424,30154,28161,23383,4706,415,68529,49114,45626,7.5,-19.33333333,,,33,42,27,50.33333333,33.33333333,24.33333333,28.33333333,28.66666667,71.65666667,75.80333333,-0.1,-0.1,2.666666667,10.23333333,98.47324667,97.30915,100.7634667,100.2025,100.5212667,99.084,99.03530667,,,,,,4465.666667,4414,1825,4.01,5.6902,7.669433333,15.384725
10/1/1998,134421,62328,68283,30269,28125,23248,4810,-1,69878,49966,48186,6.9,-26.66666667,,,22.66666667,19.66666667,24.33333333,34.33333333,5,23.33333333,23,27,72.10666667,76.29333333,0.333333333,0.366666667,0.6,8.966666667,99.04345,97.17885333,100.5250667,99.78635667,99.87298,98.34499333,98.68331333,,,,,,-632.6666667,-462.3333333,1144.666667,3.89,5.483333333,7.472166667,-35.72324633
1/1/1999,136662,64021,69437,30346,29657,24457,5135,-465,71498,51051,48761,7.7,-26.33333333,,,12.33333333,-2.333333333,21.66666667,16.33333333,-21,22,21.66666667,22.33333333,72.29,76.35333333,-0.066666667,-0.233333333,-2.066666667,5.9,99.31912333,97.74227,99.97868667,100.0399233,99.41799333,98.77330667,98.93676,,,,,,2756.333333,2887,3091.333333,3.397366667,5.184966667,6.452166667,27.137207
4/1/1999,138183,65869,70516,30449,29776,24448,5272,-376,73476,51901,57596,7.8,19,,,13.33333333,0.333333333,22,14.66666667,-14.33333333,20.66666667,23.33333333,22,73.08333333,76.94333333,0.533333333,0.533333333,-2.633333333,6.933333333,99.75694667,98.87225667,99.89025333,100.6257667,99.38143,99.53981333,99.69831667,,,,,,3081.666667,3001.333333,787.6666667,2.945533333,5.0003,5.4242,13.80999767
7/1/1999,140086,67659,71260,30758,30799,25256,5488,606,74151,52840,49081,7.6,-20.33333333,,,17.33333333,5.333333333,25.33333333,15,-4.333333333,23,26,26.33333333,73.20666667,77.07666667,-0.166666667,-0.166666667,-0.866666667,8.633333333,100.3542,99.89176,100.5541667,101.0399667,99.76863667,99.94284333,100.4952333,,,,,,3314,3249.333333,1088.666667,2.6274,5.1708,5.2456,-6.916666667
10/1/1999,142056,69855,71707,31042,31682,26205,5397,391,76853,53889,51966,7.7,9,,,26.66666667,25.66666667,27.33333333,32.33333333,19,25.66666667,30.66666667,26.66666667,73.70666667,77.58666667,0.366666667,0.333333333,1.4,9.7,100.1311833,100.6187,101.5548,101.2341,100.4583,100.2290667,101.0324333,,,,,,905.6666667,1024,416,2.932466667,5.7326,5.563466667,6.349995667
1/1/2000,142941,71275,72738,31237,30736,25273,5398,-196,79370,55575,53199,9,0.666666667,,,35,39,33,50,27.33333333,30.66666667,34.33333333,33.66666667,73.73333333,77.53,-0.133333333,-0.233333333,3.4,11.36666667,99.81598333,101.1545667,102.2793667,101.3585333,101.1918333,100.7078,101.4292667,,,,,,2368,2369.666667,1222,3.418933333,6.089366667,6.021366667,13.51999933
4/1/2000,144537,73740,72962,31504,31371,25890,5410,420,81700,56200,62382,8.3,-1.333333333,,,35.33333333,42.33333333,31,53.33333333,31,29.33333333,32.66666667,30.33333333,74.48,78.14333333,0.566666667,0.566666667,3.433333333,10.03333333,99.71522333,101.4536333,102.8118667,101.1982,101.7910667,101.0882667,101.5592667,0.733333333,0.5,0.3,0.633333333,,5305.666667,5241,1596.666667,3.736366667,6.2029,6.254233333,16.33333333
7/1/2000,145730,74662,73558,31878,31144,25720,5357,-564,84000,57156,53140,8.2,16.66666667,,,33.33333333,39.33333333,30,50,28.33333333,29.66666667,30.33333333,29.66666667,74.90333333,78.57333333,-0.033333333,-0.033333333,4.533333333,8.633333333,99.14715333,101.3539333,103.0692667,100.7716333,102.2371,101.1091333,101.2985333,0.633333333,0.633333333,0.8,0.866666667,,-1973.666667,-2009.666667,1345,4.4822,6.759233333,6.240966667,2.266662667
10/1/2000,147624,78435,74029,32037,31666,25740,5888,-460,88461,57834,55762,7.3,28,,,31,31.66666667,30.33333333,41.33333333,22,29.33333333,30.33333333,31,75.73,79.43,0.6,0.6,5,10.13333333,98.09738333,101.0401333,102.9776667,100.1119433,102.2722,100.5428667,100.7096,0.766666667,0.733333333,1.066666667,0.8,,1683.666667,1852,-495.3333333,4.8904,6.714666667,6.1953,4.126668333
1/1/2001,147784,77310,74157,32844,31448,25640,5760,1144,85247,58757,56158,5.6,2.333333333,,,29,26.66666667,30,36.66666667,16.66666667,29.33333333,30,31.33333333,76.02666667,79.48,0.1,-0.233333333,3.066666667,7.133333333,97.30471,100.5789667,102.5585333,99.12201333,101.6355,99.42358667,99.84795333,-0.133333333,0,-0.033333333,0.5,,5455.333333,5616.333333,-1284.666667,4.933966667,6.331666667,5.9625,-13.52667267
4/1/2001,148532,76332,74672,32994,31750,25898,5805,731,84505,59294,65887,5.6,-6.666666667,,,13.33333333,-1.333333333,23.33333333,16.33333333,-19.33333333,29.33333333,22.33333333,18.66666667,77.60333333,80.56666667,0.8,0.8,-1.133333333,4.8,97.00151,99.93946333,101.7333667,98.37282,100.3631967,98.60930667,99.05248,-0.8,-0.7,-0.4,-0.5,,5427.333333,5514.333333,1402.333333,4.715466667,4.975366667,5.570766667,-15.62998433
7/1/2001,148790,76665,74962,33151,31410,25499,5879,1059,84708,60377,56100,5.6,37.66666667,,,2,-24.33333333,18.66666667,-12.66666667,-35.33333333,26.33333333,17.66666667,13,78.15333333,81.15,-0.066666667,-0.066666667,-3.666666667,4.966666667,96.80689,99.26543667,100.5625,98.20303667,99.04489667,98.33227,98.60896,-0.5,-0.466666667,-0.466666667,-0.266666667,,-3508.333333,-3212.333333,732.6666667,4.519133333,3.8963,5.253833333,-14.79001867
10/1/2001,149270,75012,75509,33311,31969,25872,6069,-583,83855,60656,58550,5,16.33333333,,,-3.333333333,-34.33333333,17.33333333,-27.33333333,-41.33333333,23.66666667,18,10,78.88333333,81.91,0.5,0.5,-5.533333333,2.7,96.6783,98.68096667,99.40026333,98.09234667,98.261,98.49205,98.36261333,0,0.066666667,-0.3,0.066666667,,3706.333333,4520.666667,1501.333333,3.978766667,3.000233333,4.7181,-29.463328
1/1/2002,148359,75874,75454,34003,31149,24878,6266,-686,84188,62199,59253,5.5,4.333333333,,,-1,-31,19.66666667,-30.66666667,-31,25.66666667,22.66666667,10,79.08,82.09666667,0.1,0.066666667,-7.733333333,1.2,97.16838333,98.54486667,99.10449333,98.56150333,98.45935333,99.49062667,98.68673,-0.2,-0.066666667,-0.433333333,-0.4,,10101,10347.66667,3498,3.356466667,1.9493,4.031366667,13.53000867
4/1/2002,148876,76303,75550,34624,30677,24296,6391,-526,84798,62453,69563,5.6,-38.66666667,,,0.333333333,-15.66666667,10,-40.33333333,9,15,24,-7.666666667,80.41,83.43666667,0.633333333,0.633333333,-4.133333333,5.9,98.09589667,98.96194667,99.34440667,99.32441667,99.14980333,100.5809333,99.32537,0.766666667,0.6,0.433333333,0.5,,2037.333333,1458.333333,859.6666667,3.384933333,1.9527,4.1188,3.453328667
7/1/2002,149107,76995,75725,34678,30393,23945,6467,-309,85547,62961,58356,4.1,62,,,-14.66666667,-29,-4.666666667,-55.66666667,-2.333333333,-2,17.33333333,-30.33333333,80.70333333,83.72333333,-0.133333333,-0.166666667,-4.6,4.333333333,99.01957333,99.33717,99.14565,99.17827667,99.24428667,100.5395667,99.42439667,0.3,0.433333333,0,0.5,,266,-287.6666667,-376.3333333,3.447033333,1.8771,4.1306,-49.230001
10/1/2002,149330,76849,76093,34698,29242,22811,6466,181,85905,63353,61293,4.8,10.33333333,,,-28.66666667,-50.66666667,-14,-75.66666667,-26,-11.66666667,11.33333333,-42,81.33,84.39,0.4,0.4,-3.566666667,7.866666667,99.74738667,99.33109333,98.53811667,98.36363667,98.74718667,99.73727,99.06290667,0.166666667,0.166666667,0.666666667,0.5,,1527.666667,1253.333333,-403.3333333,3.307766667,1.788,3.979733333,-6.916666667
1/1/2003,149356,78181,75850,35323,29574,23219,6379,-209,86931,63730,60479,1.9,-15.33333333,,,-27.33333333,-50,-12.33333333,-76,-24.33333333,-13.33333333,9.666666667,-34.33333333,81.15666667,84.15,-0.1,-0.2,-5.066666667,2.9,100.53,99.26841667,97.97718,97.88805667,98.39997667,99.05326333,98.78462333,0.533333333,0.066666667,0.133333333,-0.133333333,4.84,4980,5125,582.6666667,2.965633333,1.409733333,3.9906,-15.96666467
4/1/2003,148840,77785,75690,35370,29633,23156,6511,-195,86093,64318,72057,3.4,45.66666667,,,-33.66666667,-60.66666667,-16,-83,-38.33333333,-18,3,-33,82.29666667,85.14666667,0.566666667,0.566666667,-8.9,0.933333333,101.1229667,99.41175667,97.39758,97.83881333,98.54916,98.65161667,98.66549333,0.066666667,-0.1,0,-0.566666667,4.596666667,7738,7362,1318,2.5836,1.31,3.685066667,-4.103332333
7/1/2003,148972,77598,75435,35492,29786,23215,6611,-574,86395,64616,59854,2.4,-12.33333333,,,-34.66666667,-55.66666667,-20.33333333,-81.66666667,-30.33333333,-23.33333333,1.333333333,-38.33333333,82.32,85.21,-0.166666667,-0.133333333,-10.56666667,-1.966666667,101.3604,99.75550667,97.38515333,98.46383333,99.03916333,98.87744667,98.99522,0.3,0.4,0.333333333,0.633333333,4.39,1703.333333,1267,394.6666667,2.227466667,1.1721,3.587466667,11.619995
10/1/2003,149770,79220,75577,35584,30326,23803,6553,-576,88046,65038,63262,3,16,,,-32.66666667,-48.33333333,-22.33333333,-81.33333333,-16.33333333,-25.66666667,-1.333333333,-39.33333333,82.96333333,85.93333333,0.333333333,0.333333333,-7.933333333,3.1,101.4625,100.2139667,97.92275333,99.56974,99.81206333,99.72100333,99.71732667,0.733333333,0.933333333,0.666666667,0.866666667,4.39,2747,2561.666667,591.3333333,2.143766667,1.145333333,3.6742,4.243337
1/1/2004,151125,79275,76436,34936,30177,23732,6466,-397,89132,64981,61192,1.4,-24.33333333,,,-26.33333333,-36,-19.66666667,-72.33333333,0,-24.66666667,-1.333333333,-33,82.52,85.40666667,-0.3,-0.366666667,-5.2,5.233333333,101.5657667,100.5297667,98.61616667,100.6584,100.2987,100.5785333,100.4123,0.333333333,0.1,-0.1,-0.1,4.47,2349,1726,-754,2.1316,1.156933333,4.0181,7.696665667
4/1/2004,151846,82365,76082,35403,29726,23569,6169,-274,93100,65344,73327,2,2.333333333,,,-19.66666667,-21.33333333,-18.33333333,-56.33333333,14,-23.33333333,1.333333333,-33,83.29,85.97333333,0.533333333,0.466666667,-4.733333333,2.666666667,101.2505,100.6973,99.11566333,101.1170667,100.4347333,100.9437667,100.6468667,1.366666667,1.3,1.533333333,1.533333333,4.216666667,-179,-523.6666667,-220.6666667,2.0494,1.1294,4.285966667,-3.966664667
7/1/2004,152073,83773,76047,35323,29504,23436,6072,18,94778,65440,60242,0.9,2,,,-20.66666667,-24,-18.33333333,-53.66666667,5.666666667,-22,2,-36,83.45,86.02,-0.166666667,-0.2,-1.333333333,5.7,100.6631667,100.8398667,99.44433,101.0010667,100.4330333,100.7268,100.5629667,0.1,0.1,-0.2,0.033333333,4.163333333,1606.333333,1110.666667,934.3333333,2.104866667,1.460633333,4.725133333,-3.833333333
10/1/2004,152404,85729,76082,35440,29973,23918,6046,-461,96900,65687,63970,1.4,-14,,,-17.66666667,-18,-17.66666667,-46.66666667,11,-23,3.666666667,-32.66666667,83.96666667,86.52333333,0.4,0.4,-1.933333333,3.333333333,100.4505333,100.82,99.70732333,100.6856,100.3041667,100.342,100.4845333,0.4,0.233333333,0.4,0.266666667,4.186666667,930.3333333,753.6666667,-909,2.126733333,1.9052,4.9368,0.190002333
1/1/2005,152896,85467,76210,35207,30225,24191,6025,-366,96874,65712,61826,0.8,31.33333333,,,-23.33333333,-27.33333333,-20.33333333,-51.33333333,-4,-25.66666667,-3.333333333,-32.33333333,83.60333333,86.08333333,-0.266666667,-0.333333333,-3.033333333,1.933333333,100.2841333,100.7019333,99.83053667,100.5531333,100.0821733,100.1483,100.4409333,0.466666667,0.333333333,0.466666667,0.3,3.823333333,2270.333333,2016,1817,2.162966667,2.490666667,4.875933333,9.980000667
4/1/2005,153972,86487,76490,35565,30849,24778,6045,-511,97787,66379,74837,1.8,7.333333333,,,-15,-9,-19.33333333,-35.33333333,18,-29.33333333,-0.333333333,-29,84.67,87.05333333,0.566666667,0.566666667,-2.366666667,5.933333333,100.1696,100.5970333,99.71035,100.3931333,99.72008333,99.99821667,100.2249333,0.466666667,0.6,0.6,0.333333333,3.766666667,2959.333333,2615.333333,433,2.1376,2.998766667,4.9405,-4.073333667
7/1/2005,156040,88442,77230,36056,31386,25226,6135,-415,99971,66994,61611,2,-1.666666667,,,-18.66666667,-14.33333333,-21.66666667,-37.66666667,9,-29,-2.333333333,-32.66666667,84.75,87.13333333,-0.2,-0.166666667,-4.233333333,1.633333333,100.2996333,100.6411333,99.69304667,100.3551667,99.60921,99.82110333,100.0767,-0.3,-0.033333333,-0.8,-0.033333333,3.753333333,5896.666667,5456.666667,3561.333333,2.118666667,3.437766667,4.7977,15.856659
10/1/2005,157024,88984,77453,36065,30772,24708,6061,437,101063,66621,65353,1.8,-8.333333333,,,-24.33333333,-25,-23.33333333,-49,-1.333333333,-26.66666667,-7,-36.66666667,85.45,87.86333333,0.433333333,0.433333333,-1,9.233333333,100.3458667,100.9589333,100.02061,100.5979333,100.05704,99.88019333,100.2241667,1.066666667,0.866666667,0.866666667,0.5,3.733333333,1185.666667,1109.333333,-443,2.156066667,3.957366667,4.592833333,-0.536661667
1/1/2006,158003,92283,76153,38225,31453,25069,6374,139,104035,67021,63101,1.9,14.33333333,,,-10.66666667,0,-18,-20,20,-18.66666667,-2.666666667,-32.33333333,85.03333333,87.55666667,-0.4,-0.233333333,0.3,9.033333333,100.3285667,101.3851,100.6193333,101.0845667,100.8059333,100.2190333,100.5889667,1,0.933333333,0.8,1.2,3.843333333,11066.33333,10941,5202.333333,2.4485,4.482833333,4.619833333,18.77999867
4/1/2006,160369,94040,76865,38646,32601,26097,6485,-156,106146,68324,77117,3,-18.66666667,,,-2.666666667,13,-13,-5.666666667,32,-17,3.666666667,-26,85.58666667,88.38666667,0.566666667,0.533333333,2.833333333,13.5,100.5866,101.6670667,101.1373333,101.3278667,101.4289667,100.3929667,100.8984667,0.566666667,1,1,1,4.136666667,5692.666667,5282.666667,1892.666667,2.7056,4.915666667,4.599666667,6.299998
7/1/2006,161328,94334,77012,38687,33411,26828,6553,-778,106997,68949,63258,2.5,-15.66666667,,,9,30.66666667,-5.666666667,17.33333333,44,-13.66666667,11.33333333,-14.66666667,85.89,88.67666667,-0.166666667,-0.166666667,3.6,9.2,100.9832667,101.5942333,101.3552333,101.2033,101.5781,100.2274,101.0057333,-0.3,-0.333333333,0.033333333,-0.3,4.396666667,-2301.333333,-2660.333333,-508.3333333,2.9923,5.3552,4.723233333,-5.113332
10/1/2006,162658,96716,76985,39299,34504,27732,6788,-192,108463,70219,69152,5.9,-5.666666667,,,12.66666667,33.33333333,-0.333333333,26,40.66666667,-10.66666667,12.66666667,-4,86.27666667,89.04666667,0.2,0.2,5.733333333,13.86666667,101.3182333,101.4836667,101.7184,101.2481,101.5761667,100.1273,101.1912,0.8,1.1,1.266666667,1.666666667,4.58,5967.666667,5906,725.3333333,3.354633333,5.392566667,5.0337,10.83666967
1/1/2007,164522,97442,77524,39538,35262,28566,6647,-739,109966,70849,66708,5.8,29,,,16.33333333,37.66666667,2,32.66666667,42.33333333,-6.666666667,12.66666667,1,85.92666667,88.65333333,-0.166666667,-0.2,4.9,12.43333333,102.3012,101.5302667,102.2979,101.5714667,101.8256,100.3745,101.6594667,0.466666667,0.533333333,0.066666667,0.133333333,4.636666667,14664.33333,14516.33333,5514.333333,3.677766667,5.364033333,5.334433333,4.413330333
4/1/2007,165363,98457,77790,39711,34902,28185,6671,68,110945,71722,80804,4.8,-50,,,20,39,7.333333333,36.66666667,41.33333333,0.333333333,15.33333333,6.333333333,87.04666667,89.74,0.7,0.7,4.366666667,12.23333333,103.9051667,101.4873667,102.7710667,101.9304,102.1108,100.6478,102.2084,0.333333333,0.133333333,0.433333333,0.133333333,4.746666667,4149.333333,3832,3512.666667,3.8948,5.353766667,5.588066667,10.33333333
7/1/2007,167211,100533,78382,40098,35568,28930,6566,462,112805,73001,66750,5.5,7.333333333,,,23,39,12,41.66666667,35.66666667,9,18,9.333333333,87.32333333,90.02,-0.266666667,-0.266666667,5.533333333,13.16666667,105.0174333,100.9963,103.0012,102.1621,102.1729333,100.7130333,102.5567,0.233333333,0.333333333,-0.033333333,9.25E-18,4.923333333,3533.666667,3184.666667,434,4.145133333,5.359533333,5.890533333,1.059997333
10/1/2007,169474,110510,79065,40363,45712,39035,6516,-287,114653,74800,74070,7,24.66666667,,,12,16,9.333333333,23.66666667,9,9,14.33333333,4.666666667,87.43333333,90.13333333,0.266666667,0.266666667,5.233333333,12.6,104.0951,100.4597,102.74,101.9823,101.9021333,100.5406667,102.3378333,0.266666667,0.733333333,0.366666667,0.9,5.166666667,7020.333333,7014.666667,674.3333333,4.657566667,5.374366667,6.4455,4.619995333
1/1/2008,170029,100512,78586,40985,35881,28954,6870,-28,114646,76035,71633,7.3,-11.66666667,,,1.333333333,-1,2.666666667,7,-9,1.666666667,9,-1.333333333,87.59333333,90.26333333,-1.85E-17,0,5.966666667,14.86666667,102.1932333,100.5217667,102.0386,101.6101333,101.6029667,100.2481,101.7962667,0.833333333,0.933333333,1,0.933333333,5.22,-8346.666667,-8447,-5983,4.656133333,4.6197,6.142533333,-35.506663
4/1/2008,170866,102085,79094,41033,36847,29903,6883,19,115501,76527,86052,6.5,-40,,,-5.333333333,-15,1,-7.666666667,-22.66666667,0.333333333,7,-3,88.91,91.51666667,0.7,0.633333333,2.966666667,9.366666667,100.09181,100.7444667,100.9765667,101.1593667,101.0898,100.06147,100.9827,-0.733333333,-0.133333333,-0.933333333,-0.466666667,5.14,8084.666667,7784,-812,4.580666667,2.888266667,5.820033333,11.41000367
7/1/2008,170658,102389,79016,41274,36987,30160,6770,482,114881,77175,70434,5.5,-1.666666667,,,-18,-38,-5,-35,-41.33333333,-3.333333333,-0.666666667,-11.33333333,89.68,92.25666667,0.133333333,0.066666667,0.566666667,6.266666667,97.35492667,100.4556333,99.52228667,100.2560967,99.76103667,99.52322667,99.58913667,-0.233333333,-0.3,-0.4,-1.033333333,5.25,4617.333333,4272.666667,973.6666667,4.919633333,2.750033333,5.862666667,-25.20332867
10/1/2008,169531,99238,78905,41521,37426,30464,6938,36,110577,77727,77329,4.4,-8,,,-26,-49.66666667,-10.33333333,-55.33333333,-44,-6.333333333,-2.666666667,-22,90.08,92.63333333,0.133333333,0.133333333,-3.433333333,2.766666667,94.56647333,99.11678333,97.57347,98.1957,97.31246,97.86767667,97.4526,-0.6,-0.933333333,-0.966666667,-1,5.556666667,-984,-1708.333333,1585.333333,5.0325,3.328866667,5.9366,-44.08667
1/1/2009,163439,91522,77663,42588,33957,26861,7070,-1013,101613,77917,73094,2.3,76.33333333,,,-26.33333333,-53.33333333,-8.666666667,-62.66666667,-43.66666667,-1.333333333,-3,-22,89.38333333,91.70666667,-0.266666667,-0.4,-19.73333333,-20.1,93.69324,97.23465,95.81997333,95.72193,94.88356667,96.00689,95.66226,-4.5,-5.866666667,-3.7,-4.833333333,5.433333333,5026.666667,4522.666667,1350.666667,3.329133333,1.773066667,3.3207,-6.363332
4/1/2009,163443,91463,77289,43116,33306,26259,7041,-1344,102511,78266,87544,2.1,53,,,-28,-59,-6.666666667,-75.66666667,-43,0,-5,-16.33333333,90.61666667,92.87,0.633333333,0.633333333,-23.26666667,-17.83333333,95.36893,96.36982,95.68301,94.84911,94.54653333,95.95827667,95.78881,-1.133333333,0.166666667,-1.266666667,-0.466666667,4.856666667,1884,1660,1686.666667,1.666966667,1.205166667,1.818633333,-2.613337
7/1/2009,164098,93700,77360,43357,33438,26022,7437,-1286,104857,77909,70807,0.8,-9.333333333,,,-20,-38.33333333,-7.333333333,-70.66666667,-6.333333333,-6,-2,-14.33333333,90.63666667,92.91666667,-0.466666667,-0.4,-17.56666667,-7.466666667,98.20193,97.07133667,97.0576,95.87715,96.40062,97.72341,97.48442,0.566666667,1.366666667,0.166666667,1.033333333,4.75,4895,4595.333333,1201,1.161533333,0.650333333,1.200066667,14.13667267
10/1/2009,165087,96050,77348,43505,33790,26674,7142,-985,107336,77854,77595,0.6,-28.66666667,,,-13.33333333,-26,-5,-65.66666667,13.33333333,-9,1,-8,90.48666667,92.77333333,0.3,0.3,-11.43333333,4.1,100.4980533,98.20744,98.75907333,97.47281667,98.69214667,99.78700333,99.28055333,1.5,1.066666667,1.466666667,0.6,4.836666667,6478,6463.666667,4724.333333,0.790033333,0.335166667,0.650066667,6.396657333
1/1/2010,164775,97461,77230,43443,31182,24305,6891,593,109745,76750,71808,-1.8,-15.33333333,,,-7.333333333,-12.33333333,-4,-52.33333333,28,-10.33333333,5.333333333,-6.666666667,90.24666667,92.47333333,-0.233333333,-0.3,-9.233333333,2.066666667,101.3135,99.16621333,99.81340667,98.81712667,100.0931833,101.0990667,100.3567,0.6,0.7,0.333333333,0.4,4.813333333,-4070,-4281.333333,566.6666667,0.702666667,0.257066667,0.609166667,8.513336333
4/1/2010,165498,101043,77265,43517,31816,24719,7115,1041,112726,77634,86806,-1,-3.666666667,,,-6.333333333,-8,-4.666666667,-40,23.66666667,-10.33333333,7.333333333,-11.66666667,91.51333333,93.63333333,0.733333333,0.733333333,-5.833333333,7,100.9058333,99.77442,99.93365667,99.59682333,101.0214667,101.6160333,100.7043,0.833333333,1.133333333,0.666666667,1.266666667,4.676666667,5120,4915.666667,4391,0.650466667,0.276833333,0.645133333,6.003336667
7/1/2010,166229,101756,77480,43627,31520,24860,6673,-142,115382,78086,70932,0.2,-14.33333333,,,-11,-13.66666667,-9.333333333,-29.66666667,2.666666667,-11,1.666666667,-19.33333333,91.66,93.76333333,-0.266666667,-0.3,-3.5,8.4,100.1634,99.96585333,100.10879,99.60516667,101.8116667,101.3697,100.6113333,1.266666667,1.233333333,0.8,1.066666667,4.52,6453,5985,942.6666667,0.7543,0.5019,0.720633333,-5.089996333
10/1/2010,168105,103501,77988,43650,30845,23983,6881,825,118246,79061,79182,2,10.33333333,,,-7.333333333,-5.666666667,-8.333333333,-20.33333333,8.333333333,-10.33333333,1,-16,91.88666667,94.00666667,0.3,0.266666667,-2.666666667,10.06666667,100.01471,99.98851667,100.9480333,99.61648,102.4620333,101.1043667,100.6687667,0.4,0.866666667,0.666666667,1.1,4.393333333,-4345.666667,-4231.333333,-125.3333333,0.924566667,0.314233333,0.733433333,2.196665333
1/1/2011,169075,105127,77748,43435,33544,26429,7120,-219,119488,79203,74172,3.1,-13.33333333,,,-4.666666667,1.333333333,-8.333333333,-13,15.33333333,-11.66666667,-0.666666667,-12.66666667,91.85333333,93.97333333,-0.133333333,-0.166666667,-0.966666667,5.833333333,100.3330667,100.1313333,101.8956333,100.0885033,102.8053333,101.2836667,100.9722667,0.766666667,0.6,0.4,-0.066666667,4.353333333,-1352.666667,-1428.333333,938.6666667,1.026966667,0.297733333,0.752466667,7.839996333
4/1/2011,168924,103646,77724,43558,32691,25778,6914,-1035,119435,79615,89054,2.4,-10,,,-0.333333333,11,-7.666666667,-3.333333333,25,-12.66666667,2.666666667,-13.33333333,93.27666667,95.35,0.8,0.766666667,1.133333333,8.966666667,100.5364667,100.1701333,102.1140333,100.3264667,102.5671,101.1130333,101.0092,-0.6,-0.633333333,0,0.366666667,4.5,3786.333333,3607,80.33333333,1.194466667,0.300566667,0.8099,-0.269999333
7/1/2011,168924,105434,77451,43364,32509,25866,6643,110,120748,79996,72848,2.5,2.333333333,,,-6,-3,-8.333333333,-11,5.333333333,-13.33333333,2,-13.66666667,93.88,95.87666667,0.033333333,-0.033333333,-2.033333333,8.766666667,100.4370333,100.0229067,101.5764667,99.78993333,101.6415333,100.3228,100.5614,0.466666667,0.666666667,-0.033333333,-4.63E-18,4.65,4165.333333,3752.333333,1356.333333,1.503766667,0.2528,0.825833333,-10.24000033
10/1/2011,167905,105039,77197,43265,32382,25846,6526,-149,120034,80622,81074,2.2,32,,,-25.66666667,-45,-12.66666667,-50,-40.33333333,-15.66666667,-7,-16,94.43,96.38333333,0.2,0.166666667,-5,4.1,99.92969333,99.88654667,100.7021667,99.19200333,100.4414333,99.71016,99.96857667,0,0.266666667,-0.533333333,-0.3,4.573333333,2747.666667,2570.333333,1447.333333,1.554833333,0.349966667,0.915266667,-7.240000333
1/1/2012,167556,105835,77435,42914,31537,25218,6314,-240,121569,80398,75408,1.4,74,-19.4,-17.9,-36,-65,-16.66666667,-70.66666667,-60,-17,-14.33333333,-18.33333333,94.10333333,96.01333333,-0.233333333,-0.266666667,-5.6,0.1,99.49888,99.88537667,100.0309933,99.51638,99.90305667,99.55906333,99.77990333,-0.133333333,-0.1,-0.966666667,0.166666667,4.53,6404.666667,6370,834.3333333,1.377666667,0.5323,1.053466667,3.656667
4/1/2012,167641,107475,76926,42879,31376,25219,6147,-100,123882,80969,90520,1.5,-52.33333333,-13.23333333,-14.56666667,-34.66666667,-57.33333333,-19.33333333,-70,-45,-20.33333333,-15.66666667,-22.33333333,95.55,97.42333333,0.766666667,0.766666667,-5.8,0.233333333,99.53590333,99.87891333,99.84219333,99.90944667,99.79744667,99.53198333,99.79495,-0.1,-0.133333333,0.333333333,0.2,4.436666667,5051,4936.666667,882.6666667,0.8837,0.4811,1.042666667,-3.390004333
7/1/2012,166921,107261,76595,42788,30536,24166,6371,80,123988,81101,74000,1.4,74.33333333,-17.43333333,-24.86666667,-34.66666667,-54.33333333,-21.33333333,-70.33333333,-38,-21.66666667,-18.66666667,-24,95.93333333,97.79,0.033333333,-0.033333333,-7.833333333,-1.133333333,99.74637333,99.65425667,99.57988333,99.70927333,99.32856,99.32324667,99.66081333,0.266666667,0.3,-0.1,0.133333333,4.293333333,9193.333333,8795,7644.333333,0.6136,0.4619,0.924033333,6.056671
10/1/2012,165753,107770,75578,43098,29379,23104,6278,-649,125849,81256,81822,1,1.666666667,-15.76666667,-17.03333333,-29.33333333,-42,-21.33333333,-61.33333333,-22.33333333,-21.66666667,-16.33333333,-26.33333333,96.77666667,98.37666667,0.366666667,0.133333333,-8,-1.766666667,100.0202033,99.39137667,99.03855333,99.62338667,98.84325667,99.17650667,99.62175667,-0.433333333,-0.433333333,-0.266666667,0,4.153333333,-3650,-3512,-1629.666667,0.2622,0.3829,0.632266667,1.430003
1/1/2013,166289,107138,75676,43081,28569,22518,6054,-108,125978,81462,76594,1.3,4,-19.96666667,-21.8,-36,-54,-24,-69.33333333,-39.33333333,-20.66666667,-23.66666667,-27.33333333,96.81,97.76,-0.166666667,-0.366666667,-9.3,-3.566666667,100.4455333,99.46201,98.61751333,99.91144667,99.0167,99.2605,99.82736333,0.333333333,0.433333333,0.233333333,-0.1,4.05,-2294.333333,-2168.333333,-4242,0.194133333,0.3077,0.518433333,7.863332
4/1/2013,165988,108749,75637,42865,29486,23412,6071,482,125968,81285,90999,0.2,-21.66666667,-17.03333333,-26.56666667,-39.66666667,-58,-27.33333333,-76.66666667,-39.33333333,-30.33333333,-25.33333333,-26.33333333,98.26333333,98.8,0.666666667,0.666666667,-7.366666667,1.5,100.8585333,100.0666333,98.43628667,100.3125333,99.50748333,99.42644,100.1063667,-0.2,0.3,-0.5,0.2,4.013333333,-4223.666667,-4563,-2523.333333,0.2128,0.283166667,0.507466667,-0.986663667
7/1/2013,166989,109703,75980,42922,30484,24362,6116,-197,127310,81247,74504,0.2,38.66666667,-10.1,-10.8,-33.33333333,-43.33333333,-26.33333333,-70,-17.33333333,-36,-17,-25.66666667,98.72,99.24333333,0.133333333,0.133333333,-6.833333333,2.566666667,101.1527333,100.7704667,98.55920333,100.6192667,99.96571,99.63534667,100.2989333,0.466666667,0.133333333,0.466666667,-0.2,3.71,-1367.333333,-1689,1863.666667,0.210966667,0.271833333,0.507633333,6.139994333
10/1/2013,168049,112992,76307,42820,32445,26338,6096,289,129045,80608,81636,-0.6,-7.333333333,-5.7,-9.733333333,-29.66666667,-35,-25.33333333,-63.33333333,-7.333333333,-36.66666667,-15.66666667,-24.66666667,98.97,99.49333333,-0.1,-0.1,-3.1,7.4,101.2992,101.2702667,98.97664333,100.7298333,100.5097667,100.0248233,100.4075667,0.233333333,0.366666667,-0.066666667,0.366666667,3.63,-3269.333333,-3402.666667,-679,0.224966667,0.2528,0.515366667,7.370005
1/1/2014,167890,111444,75789,43167,29512,23622,5888,485,130192,81391,76619,-0.1,-65,1.2,-2.533333333,-11,-1,-17.66666667,-33.66666667,31.66666667,-30,-4.333333333,-19.33333333,98.27333333,98.68333333,-0.2,-0.333333333,-3.2,6.7,101.1211333,101.4349,99.12543667,100.7333333,100.8265333,100.1967667,100.3902333,0.4,0.166666667,0.766666667,0.233333333,3.62,-3283.333333,-3473.333333,-33.66666667,0.262966667,0.2401,0.522966667,-1.690002333
4/1/2014,168873,111960,76070,43253,29255,23278,5969,386,131415,81665,91428,0.3,34,3.766666667,6.666666667,1,17.66666667,-10,-7.666666667,43,-19.66666667,5.333333333,-15.66666667,99.27,99.44666667,0.566666667,0.566666667,-2.166666667,9.433333333,100.7028333,100.9884667,99.01352667,100.7898667,100.7245333,100.3181,100.3154,0.266666667,0.2,-0.266666667,0.1,3.52,-5028.666667,-5306.666667,-606,0.3077,0.232266667,0.523266667,4.566660667
7/1/2014,169295,113940,76040,43257,29316,23483,5826,449,133926,82150,75480,1.2,-58,3.633333333,5.8,5.666666667,25,-7.333333333,7.333333333,42.66666667,-16.66666667,8.333333333,-14.33333333,99.6,99.79333333,0.066666667,0.1,-2.333333333,7.166666667,100.3566,100.3302667,98.70799333,100.9259,100.2184333,100.5268,100.2689667,0.266666667,0.166666667,0.466666667,-0.033333333,3.386666667,-394.6666667,-806.3333333,-2095.333333,0.257,0.2304,0.5426,1.246673667
10/1/2014,170811,115586,76885,42865,30223,24396,5824,384,135787,82903,84245,3,-35.33333333,2.033333333,5.733333333,0.333333333,13.33333333,-8.666666667,4.666666667,22.33333333,-15.66666667,2,-12.33333333,99.92666667,100.1466667,-0.066666667,-0.066666667,-1.2,7.933333333,100.2043667,100.0348667,98.59918667,100.9354,99.67808667,100.5244333,100.2321333,0.133333333,0.6,-0.233333333,0.366666667,3.276666667,1953.333333,1776.333333,2742.666667,0.123766667,0.233366667,0.560766667,2.343332667
1/1/2015,171828,117815,77383,43095,23800,17543,6249,151,144930,81929,76969,0.6,-29.66666667,2.633333333,3,-2.666666667,5.666666667,-8.333333333,-5.333333333,16.33333333,-16,-0.333333333,-8.333333333,98.81666667,98.96666667,-0.566666667,-0.633333333,-0.433333333,8.433333333,100.2254667,100.0719,98.96262333,100.7841667,99.60755333,100.1520967,100.204,0.6,0.266666667,0.666666667,0.133333333,3.136666667,34687.33333,34307,38060.66667,0.074833333,0.243933333,0.558933333,13.023336
4/1/2015,172357,150998,77836,43051,62153,55999,6167,455,140310,82361,91969,0.7,-15.66666667,3.766666667,7.533333333,5.333333333,19.33333333,-4.666666667,6.666666667,32,-13,2,-3,99.61,99.61333333,0.766666667,0.766666667,-0.633333333,8.1,100.3765667,100.2933667,99.50260667,100.4792333,99.89358,99.68299333,100.1688333,0.233333333,-0.166666667,0.133333333,0.4,3.033333333,1654,1305,-340.6666667,0.0267,0.267566667,0.565833333,12.48666367
7/1/2015,172952,123682,77734,43032,32907,26704,6199,889,141979,82748,76026,0.9,-13.66666667,5.233333333,9.733333333,12.66666667,34.33333333,-1.333333333,25.66666667,43.33333333,-10,4.333333333,0.666666667,100.6133333,100.6166667,0.2,0.2,1.166666667,11.2,100.4331333,100.4466,99.81502,100.1130133,100.0329667,99.36433,100.0297233,0.1,0.166666667,0.433333333,0.3,2.9,186,-363.3333333,2204,-0.014333333,0.2843,0.573533333,2.460001667
10/1/2015,172980,126272,77900,43151,33782,27848,5933,1074,143289,83191,84550,0.4,-14.33333333,6.666666667,10.66666667,12,30,0,25.33333333,34,-9.666666667,6,3.333333333,100.5333333,100.5266667,-0.2,-0.2,1.4,10.06666667,99.92526,100.2487,100.0714533,99.62318333,99.85643333,98.93867333,99.69401333,0.533333333,0.1,0.533333333,-0.133333333,2.883333333,-6671.666667,-6634,-7140.333333,-0.039433333,0.324433333,0.5842,-11.036672
1/1/2016,174567,125410,78061,43416,34408,28320,6089,514,143630,84148,79015,2.8,-12.66666667,7.033333333,13.53333333,12.66666667,27,3.333333333,27.33333333,26.66666667,-8,7.333333333,10.66666667,99.43,99.41,-0.566666667,-0.6,0.566666667,9.2,99.6836,99.91469,100.2289667,99.25168333,99.60159667,98.58159333,99.47432,-0.366666667,-0.333333333,0.2,0,2.813333333,2307.333333,2163,3326.333333,-0.12,0.507933333,0.5819,-10.27999867
4/1/2016,174979,126679,78005,43505,35615,29391,6220,742,143627,84855,94463,2.9,-1.333333333,4.4,10.9,4.666666667,11,0.333333333,13.33333333,9,-7.666666667,2,7.333333333,100.0033333,99.94333333,0.566666667,0.566666667,0.333333333,8.8,99.81433333,99.73343,100.1281,99.08713,99.45377667,98.64829333,99.43365333,0.2,0.433333333,-0.133333333,0.6,2.72,2500,2345.666667,4113.333333,-0.220433333,0.629133333,0.5893,2.799998
7/1/2016,176935,127265,78680,43706,35624,29468,6157,1235,145014,85559,78596,3.5,-10.66666667,4.733333333,8.6,9,19.33333333,2.333333333,21,17.66666667,-3.666666667,1,8.666666667,100.5333333,100.4566667,0.133333333,0.133333333,2.366666667,10.26666667,100.2325,99.69317,99.87472667,99.08966333,99.49169333,99.11493667,99.58028,0.166666667,-0.333333333,1.85E-17,-0.6,2.613333333,-2932.666667,-3385.333333,-5296.333333,-0.2732,0.664233333,0.559166667,3.383331333
10/1/2016,178417,128597,79579,44023,35772,29547,6226,806,146881,86013,87168,3.4,-24.66666667,5.2,3.8,12.66666667,26,3.666666667,27,25.33333333,-3.333333333,1.666666667,12,100.76,100.6833333,0.033333333,0.033333333,0.666666667,9.033333333,100.6303,99.84580667,100.0170667,99.25349333,99.69172667,99.63606333,99.81578333,0.1,0.3,0.166666667,0.233333333,2.486666667,4702.333333,4621.666667,1942.333333,-0.302933333,0.8462,0.3945,0.920003
1/1/2017,179353,131206,79426,43690,35768,29568,6200,693,151058,86622,81322,3,39.66666667,9.6,13.93333333,20.66666667,39.66666667,7.666666667,41.33333333,38.66666667,0,7,16.66666667,100.5166667,100.44,-0.166666667,-0.166666667,2.3,11.93333333,100.8838667,100.1549,100.5121667,99.65974333,100.0816933,100.1888667,100.0994333,0.633333333,0.8,0.466666667,0.066666667,2.393333333,2172.333333,2058.666667,-10516.66667,-0.318,0.969833333,0.377633333,8.039998333
4/1/2017,180933,133820,80074,43911,36160,30119,6036,1001,153536,87828,97575,3.3,-49.33333333,9.333333333,10.93333333,24,46.66666667,8.666666667,48.66666667,45,-0.333333333,9.333333333,17,101.5033333,101.4,0.5,0.533333333,4.1,13.4,101.0614333,100.4233667,100.9533333,99.89295,100.5857,100.5068667,100.3560667,0.3,0.3,0.066666667,0.733333333,2.406666667,1235,887,-1996,-0.329433333,1.112766667,0.3457,14.80667133
7/1/2017,182214,137013,80839,44292,37809,31461,6349,467,155802,88590,81331,3.6,-5.666666667,7.9,9.633333333,23.66666667,45,9.666666667,48,41.33333333,1,10,17.66666667,101.71,101.6333333,0.033333333,0.066666667,4.233333333,12.86666667,101.2181333,100.6159,101.2504,99.94085667,101.0420333,100.5915,100.596,0.866666667,0.466666667,0.866666667,0.2,2.423333333,-5893,-6203.666667,299.3333333,-0.329966667,1.2519,0.2994,1.436665667
10/1/2017,183554,138631,80732,44394,37786,31328,6458,1557,157748,89783,90914,4.3,20.66666667,10.7,10.53333333,24,45.33333333,10.33333333,50,40.33333333,2.666666667,10,18.66666667,102.1566667,102.0966667,0.033333333,0.033333333,4.9,13.8,100.9061,100.6469,101.4173,100.1620667,101.3695667,100.6901333,100.7547333,-0.033333333,-0.166666667,0.3,0.266666667,2.406666667,2118.333333,2029.333333,1255.666667,-0.329333333,1.332766667,0.324066667,9.313334333
1/1/2018,184483,140434,81758,44638,38121,31908,6214,1190,159188,90797,85436,5,5,11.5,8.266666667,23.66666667,43.66666667,11,47,39.66666667,1.333333333,10.33333333,21,101.93,101.7833333,-0.1,-0.2,6.733333333,16.06666667,100.16443,100.6342,101.4183667,100.5413667,101.4818333,100.6616333,100.7472667,0.9,1.233333333,0.266666667,1.233333333,2.396666667,-1970.333333,-2015,-971.6666667,-0.328466667,1.59,0.5201,2.380005
4/1/2018,185684,141345,82086,44746,38393,32087,6306,976,160831,91657,101651,4.1,-29,10.33333333,8.433333333,24,44.66666667,10.33333333,49.33333333,40.66666667,-0.333333333,10,21.33333333,102.63,102.29,0.433333333,0.366666667,6.466666667,17.93333333,99.52046667,100.6284333,101.1013333,100.8279333,101.2710667,100.291,100.5937333,-0.2,0.033333333,0.1,-0.233333333,2.39,-535.6666667,-772.3333333,-2455,-0.3283,2.1325,0.643266667,-1.59668
7/1/2018,185904,142079,81933,44805,37361,30933,6425,1041,162854,93235,85695,5.3,11.66666667,8.266666667,7.133333333,23,43,9.666666667,52,34.33333333,-0.666666667,9,20,103.6,103.1533333,0.366666667,0.366666667,5.233333333,14.9,99.11624667,100.6392667,100.5395667,100.7909333,100.9507667,99.96458667,100.3084333,0.366666667,0.133333333,0.366666667,-0.3,2.42,1867.666667,1357.666667,-67.66666667,-0.322633333,2.335,0.6762,6.17334
10/1/2018,186810,141478,82163,45163,38893,32229,6662,984,161084,94180,95406,4.9,9.666666667,8.433333333,8.066666667,18,34,7.666666667,43,25,-0.666666667,7,16.66666667,104.2233333,103.7366667,0.033333333,-1.85E-17,3.733333333,10.36666667,98.69857333,100.5682667,99.74169333,100.4714667,100.6609,99.47538667,99.90381333,0.3,0.6,-0.2,0.333333333,2.396666667,-661,-654.6666667,-1036,-0.3185,2.377866667,0.8041,-18.513326
1/1/2019,188357,143720,82330,45816,39696,33069,6627,2146,162054,95642,90087,5.5,-2.666666667,6.366666667,3.233333333,7.666666667,14.66666667,2.333333333,25,4.666666667,-4.333333333,1.333333333,11,104.03,103.2,-0.066666667,-0.433333333,4.066666667,12.4,98.38700667,100.3664667,99.29741,99.86323667,100.1494367,98.79200333,99.5279,-0.133333333,-0.7,0.5,0.3,2.4,-1707.666667,-2450,537.6666667,-0.3121,2.737033333,0.899166667,0.639994333
4/1/2019,188917,146040,82764,45858,40519,33823,6695,1397,164389,96721,106959,5.3,9,3.2,2.1,-2.666666667,-2,-3.333333333,10,-14,-8.333333333,-2,0.666666667,105.4733333,103.96,0.666666667,0.666666667,3.5,9.166666667,98.27562333,100.1391667,99.50467,99.33157667,99.49731333,98.3554,99.30657333,-0.533333333,-0.2,-0.566666667,-0.633333333,2.393333333,3156.333333,2775.333333,3292.333333,-0.309366667,2.623966667,0.8476,16.98999033
7/1/2019,189317,146611,82495,46236,41059,34487,6570,1733,164389,97598,89715,4.7,-3,2.8,3.366666667,-1,2,-2.333333333,10.33333333,-6.333333333,-10,-0.666666667,3,106.2266667,104.7033333,0.266666667,0.266666667,1.166666667,5.466666667,98.23998667,99.92766667,99.73849,98.98573,98.84997,98.06278,99.14203333,0.333333333,0.1,-0.033333333,-0.166666667,2.276666667,5625.333333,5236.666667,3135,-0.335233333,2.407633333,0.786066667,0.163350333
10/1/2019,190400,146478,83251,46378,40868,34604,6260,1214,165110,98891,100322,5.1,-5.666666667,0,3.233333333,-1.333333333,-2.666666667,-0.333333333,7.666666667,-13.33333333,-7.333333333,0.333333333,6,107.0766667,105.5433333,0.066666667,0.066666667,1.366666667,7.966666667,98.12938,99.59569,99.90032333,98.86493667,98.60696,97.84472333,99.05392,-0.233333333,0.333333333,-0.266666667,0.533333333,2.143333333,3459.666667,3297,3821,-0.412733333,2.089133333,0.7732,1.513326
1/1/2020,187876,144125,81315,46592,41128,34478,6649,-561,163488,100272,94217,5,-16,0.866666667,3.333333333,-2,-7,1.333333333,3.333333333,-17,-5.333333333,3.333333333,5.333333333,106.5,105.0233333,-0.366666667,-0.333333333,-9.25E-18,6.333333333,98.13799333,99.07679,99.99789667,99.04286,98.81545667,98.04775667,99.12164,-0.6,-0.566666667,0,-0.6,2.133333333,1201,908.3333333,2111.666667,-0.3957,1.877366667,0.773766667,4.289998333
4/1/2020,172195,130483,72219,45604,37215,30440,6783,1053,146475,98593,103450,1.6,17.33333333,-27.3,-15.1,-9.333333333,-15.33333333,-4.666666667,7,-37.66666667,-0.333333333,-2.333333333,-11,106.9433333,105.53,0.433333333,0.4,-11.03333333,-17.16666667,87.58753333,98.01573333,94.80118667,96.47789667,95.20257,96.95963,92.96805333,-6.166666667,-9.066666667,-9.233333333,-11.66666667,1.903333333,15121,13951.33333,10342,-0.359866667,1.291066667,0.640866667,-25.52667233
7/1/2020,183174,138606,78290,47453,39460,32710,6751,-431,156943,100318,90201,2.8,-48,-21.26666667,-0.566666667,-28,-51.66666667,-12.66666667,-53.66666667,-49.33333333,3,-11,-30,107.7933333,106.1533333,0.433333333,0.333333333,-19.53333333,-15.03333333,97.58665,97.34417667,96.62420667,96.08972333,96.29449333,97.62329,95.97014,4.333333333,6.1,6.033333333,8.6,1.876666667,9622,8849.333333,5487,-0.364033333,0.326666667,0.202833333,10.78999833
10/1/2020,184339,141956,78098,47470,40139,33006,7138,-54,160587,103541,101221,5,-10.33333333,-7.933333333,0.133333333,-29,-59,-9.333333333,-74.66666667,-43.33333333,-5,-0.333333333,-22.33333333,108.16,106.4933333,-0.066666667,-0.033333333,-7.5,3.233333333,101.2305,98.55024667,98.49685667,98.75327667,99.29383667,99.14078667,99.46040667,2.1,2.733333333,1.866666667,2.333333333,1.88,115,-179.3333333,680.6666667,-0.4934,0.237,0.060366667,-3.803324333
1/1/2021,186584,144548,75234,48202,40950,34047,6901,851,165978,101954,92979,1.9,-8.333333333,-10.8,-8.6,-21.33333333,-44,-6.333333333,-70.66666667,-17.33333333,-6.666666667,4.666666667,-17.33333333,107.6933333,106,-0.266666667,-0.3,-3.8,5.033333333,102.0491667,99.36878667,98.99239,99.90052,100.0240833,100.54495,100.4725333,0.7,0.9,0.1,0.2,1.83,-1836.333333,-2510,1897.333333,-0.5354,0.226066667,0.036966667,34.40999333
4/1/2021,192238,146343,80198,49412,40541,33735,6803,-9,168632,103911,111963,5.1,-5,0.733333333,0.766666667,-17,-37,-3.666666667,-73.33333333,-0.666666667,-4.666666667,8.333333333,-14.33333333,108.9333333,107.1166667,0.566666667,0.533333333,0.533333333,10.43333333,101.8785667,100.16322,99.87063,100.9696333,101.3015667,101.9356,101.1060667,1.133333333,0.3,1.333333333,0.666666667,1.743333333,5442.333333,4906,4339.666667,-0.539466667,0.1884,0.073033333,23.48333767
7/1/2021,196201,150347,83982,49241,40301,33666,6628,926,172267,105703,95883,5.4,-13,17.56666667,16.9,-5.333333333,-15.33333333,1.333333333,-53.66666667,23.33333333,0.666666667,10.66666667,-6.333333333,109.7866667,107.9533333,0.266666667,0.266666667,7.533333333,18.16666667,101.0286667,100.6546,101.2002667,101.3272,102.5648667,102.9861667,101.3488667,-0.233333333,-0.166666667,-0.266666667,-0.1,1.686666667,8907,8093,6638.666667,-0.5426,0.1387,0.0799,15.58333333
10/1/2021,197575,148510,84038,49649,40748,34047,6692,1002,171049,107750,107757,4,0.333333333,12.93333333,6.433333333,-7,-11.33333333,-4,-33,9.666666667,-4.333333333,6,-13,111.2266667,109.3733333,0.6,0.6,8.866666667,15.93333333,99.88965667,100.6636,101.7139333,101.1736667,102.7566667,103.1841333,101.0542667,0.366666667,0.2,1.366666667,0.333333333,1.653333333,6925.333333,6602.333333,7051.666667,-0.547466667,0.1248,0.099133333,18.86665833
1/1/2022,198597,151432,84684,49407,40462,33921,6533,1451,174330,109971,103207,8.2,-0.333333333,0.833333333,-2.9,-24.66666667,-37,-16.33333333,-47.66666667,-27.33333333,-16,-5.333333333,-26.66666667,113.9033333,112.35,0.7,1,7.966666667,14.16666667,98.99410667,100.6015333,101.6063667,101.0260333,102.2376,102.9576,100.6406667,2.1,0.866666667,0.966666667,0.966666667,1.656666667,4399.666667,3652.333333,3740.666667,-0.569833333,0.206533333,0.276333333,-18.569987
4/1/2022,201974,153057,85763,49686,41715,35320,6398,112,178134,111316,122153,6.8,-3.666666667,3.266666667,-2.566666667,-39,-57.66666667,-26.66666667,-64.66666667,-50.66666667,-26,-16.66666667,-36.66666667,118.18,117.3566667,1.5,1.6,6.233333333,10.43333333,98.21378667,100.5689,100.8096667,100.6153667,101.3746,102.2588667,100.02714,0.166666667,-0.333333333,1.133333333,0.066666667,1.776666667,11594.66667,10730.33333,10479.33333,-0.4916,0.7904,0.982333333,-14.74001067
7/1/2022,202347,153794,86593,49990,41310,34784,6483,504,177949,114163,104969,8,10,-4.5,-11.86666667,-49.33333333,-69.33333333,-36,-78.66666667,-60,-35.66666667,-19,-53.33333333,119.89,119.6033333,0.5,0.766666667,5.1,8.8,97.59926333,100.4938333,99.83841333,99.79648,100.2666733,100.7286333,99.33234,0.1,0.7,-0.366666667,0.033333333,2.226666667,12317.66667,12072,6127.666667,-0.1961,2.015366667,1.5775,6.153340667
10/1/2022,203572,154851,87547,50531,41991,35651,6305,-481,179048,116243,118114,7.9,26.66666667,-14.16666667,-24.33333333,-57.33333333,-76,-44.66666667,-88.33333333,-64.33333333,-46.33333333,-28.33333333,-59.66666667,126.3633333,127.02,1.833333333,1.933333333,1.5,6.4,97.47795,100.2995333,99.27236,99.15285667,99.39803333,99.25682,98.88646667,0.366666667,0.6,0.8,1.433333333,2.846666667,6472,7148.666667,713.6666667,0.944433333,3.514066667,2.8414,-19.606669
1/1/2023,202568,154500,87129,50828,42853,36376,6464,-1521,178476,118577,112697,8,13.33333333,-11.36666667,-24.3,-52.33333333,-66.33333333,-43.33333333,-85.33333333,-47,-47.66666667,-21.33333333,-60.66666667,124.1666667,124.13,-1.3,-1.733333333,1.066666667,9.333333333,98.11947,100.0512867,98.98914,98.86832667,99.44214,98.57891333,98.92578333,-1.133333333,-0.966666667,-1.433333333,-1.433333333,3.38,-8351,-8003,-13590.33333,2.077866667,4.731133333,3.773066667,24.856669
4/1/2023,201838,154145,85839,51411,42889,36389,6550,318,176167,120300,131673,7.9,-13,-2.433333333,-5.966666667,-40,-50,-33.33333333,-76,-23.33333333,-39.33333333,-6.666666667,-54,125.06,124.1566667,0.733333333,0.733333333,0.5,8.8,99.17504333,100.0022767,98.77914667,98.83315,99.74348333,98.29333333,99.27434,-0.5,-0.733333333,0.233333333,-0.766666667,3.603333333,-3679.666667,-3794,-8990.666667,2.905966667,5.063666667,4.353333333,4.433329333
7/1/2023,201349,149943,85656,52086,41816,35084,6640,-727,172567,122408,112442,7.2,8,-3.866666667,-6.833333333,-38.66666667,-53.66666667,-28.66666667,-74,-33.33333333,-31,-4.333333333,-51,126.4066667,125.3666667,0.3,0.2,-2.366666667,6.566666667,100.0428667,100.0860333,98.699,99.07266333,99.40224,98.03647,99.63362333,-0.8,0.133333333,-1.133333333,-0.066666667,3.886666667,2299,2191.333333,-6452,3.5247,5.4962,5.1022,11.17000333
10/1/2023,202061,150288,87255,52436,41058,34528,6487,-1053,172475,124645,127017,7.4,29.66666667,-6.033333333,-7.666666667,-39,-56.33333333,-28,-75,-37.33333333,-29.33333333,-4.666666667,-49.66666667,127.53,126.2166667,0.133333333,0.166666667,-4.066666667,3.5,100.6419333,100.0855333,98.84195667,99.32624667,99.08838,97.88983,99.86230667,-0.066666667,0.666666667,-1.4,-0.3,3.946666667,-2355.666667,-2075.333333,-6451,3.875966667,5.654633333,5.482666667,-24.46667467
1/1/2024,202774.1571,151620.5823,87491.71857,52819.06039,41974.85621,35571.78065,6513.932158,-788.0950882,173548.6309,126649.5724,124092.3891,7.42636426,39.33333333,-3.866666667,-3.8,-30,-42.33333333,-21.66666667,-62.33333333,-22.33333333,-24.66666667,1,-40.33333333,126.6533333,125.1533333,-0.166666667,-0.333333333,-4.233333333,2.933333333,101.1009,99.89755,99.10536333,99.56493667,99.19968667,98.13378,100.1095567,-2,-0.8,-0.5,0.7,4.1,-5687,-5985.666667,-6695.333333,3.943333333,5.616,5.340133333,33.20334867
4/1/2024,203487.3141,152701.8924,87742.61419,53202.38889,42208.1582,35836.73989,6517.875018,-801.6529386,174593.6593,128668.8268,125042.2066,7.453019686,-21.87766104,-2.609798229,-6.042129384,-22.82624409,-35.80472959,-14.65618795,-44.21679264,-26.52773573,-12.59997506,3.554559728,-33.91615057,128.3776065,126.5596044,0.427699459,0.439724102,-4.6,3.863336642,101.6228667,99.82226939,99.37436909,99.98258629,99.51668452,98.8067764,100.4798656,0.136999933,0,0,-0.058650036,3.843976303,1441.67389,1378.776569,368.2875342,3.922003292,5.581693796,5.317984712,20.94000233
7/1/2024,204200.4711,153783.2025,87993.50981,53585.71739,42441.46018,36101.69913,6521.817879,-815.210789,175638.6877,130688.0812,125992.0241,7.479675112,-25.72124722,-3.986514034,-7.496469903,-18.68563903,-30.50518764,-12.61394366,-30.79202473,-26.58320718,-8.213337403,4.663679184,-31.35685841,128.515599,127.0900244,0.085892103,0.02206347,-4.8,3.426934292,101.7024,99.91952233,99.39283758,100.1097149,99.6035563,99.28066803,100.5869123,0.174082994,0,0,0.013168376,3.747349598,2050.717709,1898.13371,853.3891015,3.919104522,5.586255246,5.302148971,2.002137809
